,Parabacteroides distasonis ATCC 8503_0.01.pkl
P. distasonis_gapfilled_0,"{'EX_cpd00635_e': 0.020546098726918142, 'EX_cpd00023_e': 0.020546098726648587, 'EX_cpd11595_e': 0.020546098726918142, 'EX_cpd00154_e': 0.020546098726918142, 'EX_cpd08306_e': 0.020546098726918142, 'EX_cpd00309_e': 0.020546098726918142, 'EX_cpd00540_e': 0.020546098726918142, 'EX_cpd11597_e': 0.020546098726918142, 'EX_cpd08305_e': 0.020546098726918142, 'EX_cpd00396_e': 0.020546098726918142, 'EX_cpd00039_e': 0.020546098726918142, 'EX_cpd00011_e': 0.020546098726879212, 'EX_cpd00322_e': 0.020546098726837003, 'EX_cpd00111_e': 0.020546098726837003, 'EX_cpd00028_e': 0.020546098726837003, 'EX_cpd01188_e': 0.020546098726837003, 'EX_cpd00357_e': 0.020546098726897787, 'EX_cpd03847_e': 0.020546098726837003, 'EX_cpd01080_e': 0.020546098726837003, 'EX_cpd00010_e': 0.020546098726837003, 'EX_cpd00264_e': 0.020546098726837003, 'EX_cpd11606_e': 0.020546098726837003, 'EX_cpd00305_e': 0.020546098726837003, 'EX_cpd00129_e': 0.020546098726864234, 'EX_cpd00367_e': 0.020546098726918142}"
P. distasonis_gapfilled_1,"{'EX_cpd00635_e': 0.04109219745379554, 'EX_cpd00023_e': 0.04109219745379554, 'EX_cpd11595_e': 0.04109219745379554, 'EX_cpd00154_e': 0.04109219745379554, 'EX_cpd08306_e': 0.04109219745379554, 'EX_cpd00309_e': 0.04109219745379554, 'EX_cpd00540_e': 0.04109219745379554, 'EX_cpd11597_e': 0.04109219745379554, 'EX_cpd08305_e': 0.04109219745379554, 'EX_cpd00396_e': 0.04109219745379554, 'EX_cpd00039_e': 0.04109219745379554, 'EX_cpd00011_e': 0.04109219745379554, 'EX_cpd00322_e': 0.04109219745379554, 'EX_cpd00111_e': 0.04109219745379554, 'EX_cpd00028_e': 0.04109219745379554, 'EX_cpd01188_e': 0.04109219745379554, 'EX_cpd00357_e': 0.041092197453795554, 'EX_cpd03847_e': 0.04109219745379554, 'EX_cpd01080_e': 0.04109219745379554, 'EX_cpd00010_e': 0.04109219745379554, 'EX_cpd00264_e': 0.04109219745379554, 'EX_cpd11606_e': 0.04109219745379554, 'EX_cpd00305_e': 0.04109219745379554, 'EX_cpd00129_e': 0.04109219745379554, 'EX_cpd00367_e': 0.04109219745379554}"
P. distasonis_gapfilled_10,"{'EX_cpd00635_e': 0.04109219745379451, 'EX_cpd00023_e': 0.04109219745375273, 'EX_cpd11595_e': 0.04109219745379451, 'EX_cpd00154_e': 0.04109219745379451, 'EX_cpd08306_e': 0.04109219745379451, 'EX_cpd00309_e': 0.04109219745379451, 'EX_cpd00540_e': 0.04109219745379451, 'EX_cpd11597_e': 0.04109219745379451, 'EX_cpd08305_e': 0.04109219745379451, 'EX_cpd00396_e': 0.04109219745379451, 'EX_cpd00039_e': 0.04109219745379451, 'EX_cpd00011_e': 0.04109219745373328, 'EX_cpd00322_e': 0.04109219745379451, 'EX_cpd00111_e': 0.04109219745379451, 'EX_cpd00028_e': 0.04109219745379451, 'EX_cpd01188_e': 0.04109219745379451, 'EX_cpd00357_e': 0.04109219745379554, 'EX_cpd03847_e': 0.04109219745379451, 'EX_cpd01080_e': 0.04109219745379451, 'EX_cpd00010_e': 0.04109219745379451, 'EX_cpd00264_e': 0.04109219745379451, 'EX_cpd11606_e': 0.04109219745379451, 'EX_cpd00305_e': 0.04109219745379451, 'EX_cpd00129_e': 0.04109219745374841, 'EX_cpd00367_e': 0.04109219745379451}"
P. distasonis_gapfilled_11,"{'EX_cpd00635_e': 0.04109219745374625, 'EX_cpd00023_e': 0.041092197453698444, 'EX_cpd11595_e': 0.04109219745374625, 'EX_cpd00154_e': 0.04109219745374625, 'EX_cpd08306_e': 0.04109219745374625, 'EX_cpd00309_e': 0.04109219745374625, 'EX_cpd00540_e': 0.04109219745374625, 'EX_cpd11597_e': 0.04109219745374625, 'EX_cpd08305_e': 0.04109219745374625, 'EX_cpd00396_e': 0.04109219745374625, 'EX_cpd00039_e': 0.04109219745374625, 'EX_cpd00011_e': 0.04109219745343907, 'EX_cpd00322_e': 0.0410921974531834, 'EX_cpd00111_e': 0.0410921974531834, 'EX_cpd00028_e': 0.0410921974531834, 'EX_cpd01188_e': 0.04109219745313284, 'EX_cpd00357_e': 0.04109219745379451, 'EX_cpd03847_e': 0.0410921974531834, 'EX_cpd01080_e': 0.0410921974531834, 'EX_cpd00010_e': 0.0410921974531834, 'EX_cpd00264_e': 0.0410921974531834, 'EX_cpd11606_e': 0.0410921974531834, 'EX_cpd00305_e': 0.0410921974531834, 'EX_cpd00129_e': 0.04109219745313284, 'EX_cpd00367_e': 0.04109219745374625}"
P. distasonis_gapfilled_12,"{'EX_cpd00635_e': 0.04109219745379554, 'EX_cpd00023_e': 0.04109219745351824, 'EX_cpd11595_e': 0.04109219745379554, 'EX_cpd00154_e': 0.04109219745379554, 'EX_cpd08306_e': 0.04109219745379554, 'EX_cpd00309_e': 0.04109219745379554, 'EX_cpd00540_e': 0.04109219745379554, 'EX_cpd11597_e': 0.04109219745379554, 'EX_cpd08305_e': 0.04109219745379554, 'EX_cpd00396_e': 0.04109219745379554, 'EX_cpd00039_e': 0.04109219745379554, 'EX_cpd00011_e': 0.04109219745379554, 'EX_cpd00322_e': 0.04109219745379554, 'EX_cpd00111_e': 0.04109219745379554, 'EX_cpd00028_e': 0.04109219745379554, 'EX_cpd01188_e': 0.04109219745379554, 'EX_cpd00357_e': 0.041092197453795644, 'EX_cpd03847_e': 0.04109219745379554, 'EX_cpd01080_e': 0.04109219745379554, 'EX_cpd00010_e': 0.04109219745379554, 'EX_cpd00264_e': 0.04109219745379554, 'EX_cpd11606_e': 0.04109219745379554, 'EX_cpd00305_e': 0.04109219745379554, 'EX_cpd00129_e': 0.04109219745379554, 'EX_cpd00367_e': 0.04109219745379554}"
P. distasonis_gapfilled_13,"{'EX_cpd00635_e': 0.04109219745379558, 'EX_cpd00023_e': 0.041092197453795574, 'EX_cpd11595_e': 0.04109219745379558, 'EX_cpd00154_e': 0.04109219745379558, 'EX_cpd08306_e': 0.04109219745379558, 'EX_cpd00309_e': 0.04109219745379558, 'EX_cpd00540_e': 0.04109219745379558, 'EX_cpd11597_e': 0.04109219745379558, 'EX_cpd08305_e': 0.04109219745379558, 'EX_cpd00396_e': 0.04109219745379558, 'EX_cpd00039_e': 0.04109219745379558, 'EX_cpd00011_e': 0.04109219745379558, 'EX_cpd00322_e': 0.04109219745379558, 'EX_cpd00111_e': 0.04109219745379558, 'EX_cpd00028_e': 0.04109219745379558, 'EX_cpd01188_e': 0.04109219745379558, 'EX_cpd00357_e': 0.041092197453795574, 'EX_cpd03847_e': 0.04109219745379558, 'EX_cpd01080_e': 0.04109219745379558, 'EX_cpd00010_e': 0.04109219745379558, 'EX_cpd00264_e': 0.04109219745379558, 'EX_cpd11606_e': 0.04109219745379558, 'EX_cpd00305_e': 0.04109219745379558, 'EX_cpd00129_e': 0.04109219745379558, 'EX_cpd00367_e': 0.04109219745379558}"
P. distasonis_gapfilled_14,"{'EX_cpd00635_e': 0.020546098726897784, 'EX_cpd00023_e': 0.020546098726867516, 'EX_cpd11595_e': 0.020546098726897784, 'EX_cpd00154_e': 0.020546098726897784, 'EX_cpd08306_e': 0.020546098726897784, 'EX_cpd00309_e': 0.020546098726897784, 'EX_cpd00540_e': 0.020546098726897784, 'EX_cpd11597_e': 0.020546098726897784, 'EX_cpd08305_e': 0.020546098726897784, 'EX_cpd00396_e': 0.020546098726897784, 'EX_cpd00039_e': 0.020546098726897784, 'EX_cpd00011_e': 0.020546098726897784, 'EX_cpd00322_e': 0.020546098726897784, 'EX_cpd00111_e': 0.020546098726897784, 'EX_cpd00028_e': 0.020546098726897784, 'EX_cpd01188_e': 0.020546098726897784, 'EX_cpd00357_e': 0.020546098726897777, 'EX_cpd03847_e': 0.020546098726897784, 'EX_cpd01080_e': 0.020546098726897784, 'EX_cpd00010_e': 0.020546098726897784, 'EX_cpd00264_e': 0.020546098726897784, 'EX_cpd11606_e': 0.020546098726897784, 'EX_cpd00305_e': 0.020546098726897784, 'EX_cpd00129_e': 0.020546098726897784, 'EX_cpd00367_e': 0.020546098726897784}"
P. distasonis_gapfilled_15,"{'EX_cpd00635_e': 0.041092197453795554, 'EX_cpd00023_e': 0.04109219745406171, 'EX_cpd11595_e': 0.041092197453795554, 'EX_cpd00154_e': 0.041092197453795554, 'EX_cpd08306_e': 0.041092197453795574, 'EX_cpd00309_e': 0.041092197453795574, 'EX_cpd00540_e': 0.041092197453795574, 'EX_cpd11597_e': 0.041092197453795574, 'EX_cpd08305_e': 0.041092197453795574, 'EX_cpd00396_e': 0.041092197453795574, 'EX_cpd00039_e': 0.041092197453795574, 'EX_cpd00011_e': 0.0410921974537938, 'EX_cpd00322_e': 0.041092197453795574, 'EX_cpd00111_e': 0.041092197453795574, 'EX_cpd00028_e': 0.041092197453795574, 'EX_cpd01188_e': 0.041092197453795574, 'EX_cpd00357_e': 0.04109219745379554, 'EX_cpd03847_e': 0.041092197453795574, 'EX_cpd01080_e': 0.041092197453795574, 'EX_cpd00010_e': 0.041092197453795574, 'EX_cpd00264_e': 0.041092197453795574, 'EX_cpd11606_e': 0.041092197453795574, 'EX_cpd00305_e': 0.041092197453795574, 'EX_cpd00129_e': 0.041092197453795574, 'EX_cpd00367_e': 0.041092197453795554}"
P. distasonis_gapfilled_16,"{'EX_cpd00635_e': 0.020546098726897787, 'EX_cpd00023_e': 0.020546098727355307, 'EX_cpd11595_e': 0.020546098726897787, 'EX_cpd00154_e': 0.020546098726897787, 'EX_cpd08306_e': 0.020546098726897787, 'EX_cpd00309_e': 0.020546098726897787, 'EX_cpd00540_e': 0.020546098726897787, 'EX_cpd11597_e': 0.020546098726897787, 'EX_cpd08305_e': 0.020546098726897787, 'EX_cpd00396_e': 0.020546098726897787, 'EX_cpd00039_e': 0.020546098726897787, 'EX_cpd00011_e': 0.020546098726897787, 'EX_cpd00322_e': 0.02054609872689779, 'EX_cpd00111_e': 0.02054609872689779, 'EX_cpd00028_e': 0.02054609872689779, 'EX_cpd01188_e': 0.02054609872689779, 'EX_cpd00357_e': 0.020546098726980995, 'EX_cpd03847_e': 0.02054609872689779, 'EX_cpd01080_e': 0.02054609872689779, 'EX_cpd00010_e': 0.02054609872689779, 'EX_cpd00264_e': 0.02054609872689779, 'EX_cpd11606_e': 0.02054609872689779, 'EX_cpd00305_e': 0.02054609872689779, 'EX_cpd00129_e': 0.02054609872689779, 'EX_cpd00367_e': 0.020546098726897787}"
P. distasonis_gapfilled_17,"{'EX_cpd00635_e': 0.041092197453795574, 'EX_cpd00023_e': 0.041092197452293526, 'EX_cpd11595_e': 0.041092197453795574, 'EX_cpd00154_e': 0.041092197453795574, 'EX_cpd08306_e': 0.041092197453795574, 'EX_cpd00309_e': 0.041092197453795574, 'EX_cpd00540_e': 0.041092197453795574, 'EX_cpd11597_e': 0.041092197453795574, 'EX_cpd08305_e': 0.041092197453795574, 'EX_cpd00396_e': 0.041092197453795574, 'EX_cpd00039_e': 0.041092197453795574, 'EX_cpd00011_e': 0.041092197453795574, 'EX_cpd00322_e': 0.041092197453795574, 'EX_cpd00111_e': 0.041092197453795574, 'EX_cpd00028_e': 0.041092197453795574, 'EX_cpd01188_e': 0.041092197453795574, 'EX_cpd00357_e': 0.04109219745379559, 'EX_cpd03847_e': 0.041092197453795574, 'EX_cpd01080_e': 0.041092197453795574, 'EX_cpd00010_e': 0.041092197453795574, 'EX_cpd00264_e': 0.041092197453795574, 'EX_cpd11606_e': 0.041092197453795574, 'EX_cpd00305_e': 0.041092197453795574, 'EX_cpd00129_e': 0.041092197453795574, 'EX_cpd00367_e': 0.041092197453795574}"
P. distasonis_gapfilled_18,"{'EX_cpd00635_e': 0.04109219745379561, 'EX_cpd00023_e': 0.041092197453770185, 'EX_cpd11595_e': 0.04109219745379561, 'EX_cpd00154_e': 0.04109219745379579, 'EX_cpd08306_e': 0.04109219745379561, 'EX_cpd00309_e': 0.04109219745379561, 'EX_cpd00540_e': 0.04109219745379561, 'EX_cpd11597_e': 0.04109219745379561, 'EX_cpd08305_e': 0.04109219745379561, 'EX_cpd00396_e': 0.04109219745379561, 'EX_cpd00039_e': 0.04109219745379561, 'EX_cpd00011_e': 0.041092197453796935, 'EX_cpd00322_e': 0.04109219745379561, 'EX_cpd00111_e': 0.04109219745379561, 'EX_cpd00028_e': 0.04109219745379561, 'EX_cpd01188_e': 0.04109219745379561, 'EX_cpd00357_e': 0.04109219745379556, 'EX_cpd03847_e': 0.04109219745379561, 'EX_cpd01080_e': 0.04109219745379561, 'EX_cpd00010_e': 0.04109219745379561, 'EX_cpd00264_e': 0.04109219745379561, 'EX_cpd11606_e': 0.04109219745379561, 'EX_cpd00305_e': 0.04109219745379561, 'EX_cpd00129_e': 0.04109219745379561, 'EX_cpd00367_e': 0.04109219745379561}"
P. distasonis_gapfilled_19,"{'EX_cpd00635_e': 0.041092197453795574, 'EX_cpd00023_e': 0.041092197453757896, 'EX_cpd11595_e': 0.041092197453795574, 'EX_cpd00154_e': 0.041092197453795574, 'EX_cpd08306_e': 0.041092197453795574, 'EX_cpd00309_e': 0.041092197453795574, 'EX_cpd00540_e': 0.041092197453795574, 'EX_cpd11597_e': 0.041092197453795574, 'EX_cpd08305_e': 0.041092197453795574, 'EX_cpd00396_e': 0.041092197453795574, 'EX_cpd00039_e': 0.041092197453795574, 'EX_cpd00011_e': 0.041092197453795554, 'EX_cpd00322_e': 0.041092197453795554, 'EX_cpd00111_e': 0.041092197453795554, 'EX_cpd00028_e': 0.041092197453795554, 'EX_cpd01188_e': 0.041092197453795554, 'EX_cpd00357_e': 0.041092197453796865, 'EX_cpd03847_e': 0.041092197453795554, 'EX_cpd01080_e': 0.041092197453795554, 'EX_cpd00010_e': 0.041092197453795554, 'EX_cpd00264_e': 0.041092197453795554, 'EX_cpd11606_e': 0.041092197453795554, 'EX_cpd00305_e': 0.041092197453795554, 'EX_cpd00129_e': 0.041092197453795554, 'EX_cpd00367_e': 0.041092197453795574}"
P. distasonis_gapfilled_2,"{'EX_cpd00635_e': 0.0410921974536216, 'EX_cpd00023_e': 0.04109219745279677, 'EX_cpd11595_e': 0.0410921974536216, 'EX_cpd00154_e': 0.0410921974536216, 'EX_cpd08306_e': 0.0410921974536216, 'EX_cpd00309_e': 0.0410921974536216, 'EX_cpd00540_e': 0.0410921974536216, 'EX_cpd11597_e': 0.0410921974536216, 'EX_cpd08305_e': 0.0410921974536216, 'EX_cpd00396_e': 0.0410921974536216, 'EX_cpd00039_e': 0.0410921974536216, 'EX_cpd00011_e': 0.04109219745425546, 'EX_cpd00322_e': 0.04109219745435298, 'EX_cpd00111_e': 0.04109219745435298, 'EX_cpd00028_e': 0.04109219745435298, 'EX_cpd01188_e': 0.04109219745435298, 'EX_cpd00357_e': 0.0410921974538135, 'EX_cpd03847_e': 0.04109219745435298, 'EX_cpd01080_e': 0.04109219745435298, 'EX_cpd00010_e': 0.04109219745435298, 'EX_cpd00264_e': 0.04109219745435298, 'EX_cpd11606_e': 0.04109219745435298, 'EX_cpd00305_e': 0.04109219745435298, 'EX_cpd00129_e': 0.04109219745435298, 'EX_cpd00367_e': 0.0410921974536216}"
P. distasonis_gapfilled_20,"{'EX_cpd00635_e': 0.02054609872207206, 'EX_cpd00023_e': 0.020546098726897784, 'EX_cpd11595_e': 0.02054609872207206, 'EX_cpd00154_e': 0.02054609872207206, 'EX_cpd08306_e': 0.02054609872207206, 'EX_cpd00309_e': 0.02054609872207206, 'EX_cpd00540_e': 0.02054609872207206, 'EX_cpd11597_e': 0.02054609872207206, 'EX_cpd08305_e': 0.02054609872207206, 'EX_cpd00396_e': 0.02054609872207206, 'EX_cpd00039_e': 0.02054609872207206, 'EX_cpd00011_e': 0.02054609872738504, 'EX_cpd00322_e': 0.02054609872693096, 'EX_cpd00111_e': 0.02054609872693096, 'EX_cpd00028_e': 0.02054609872693096, 'EX_cpd01188_e': 0.02054609872693096, 'EX_cpd00357_e': 0.02054609872698076, 'EX_cpd03847_e': 0.02054609872693096, 'EX_cpd01080_e': 0.02054609872693096, 'EX_cpd00010_e': 0.02054609872693096, 'EX_cpd00264_e': 0.02054609872693096, 'EX_cpd11606_e': 0.02054609872693096, 'EX_cpd00305_e': 0.02054609872693096, 'EX_cpd00129_e': 0.02054609872693096, 'EX_cpd00367_e': 0.02054609872207206}"
P. distasonis_gapfilled_21,"{'EX_cpd00635_e': 0.04109219745428744, 'EX_cpd00023_e': 0.04109219745379557, 'EX_cpd11595_e': 0.04109219745428744, 'EX_cpd00154_e': 0.04109219745428744, 'EX_cpd08306_e': 0.04109219745428744, 'EX_cpd00309_e': 0.04109219745428744, 'EX_cpd00540_e': 0.04109219745428744, 'EX_cpd11597_e': 0.04109219745428744, 'EX_cpd08305_e': 0.04109219745428744, 'EX_cpd00396_e': 0.04109219745428744, 'EX_cpd00039_e': 0.04109219745428744, 'EX_cpd00011_e': 0.04109219745373498, 'EX_cpd00322_e': 0.041092197454026216, 'EX_cpd00111_e': 0.041092197454026216, 'EX_cpd00028_e': 0.041092197454026216, 'EX_cpd01188_e': 0.041092197454026216, 'EX_cpd00357_e': 0.04109219745379838, 'EX_cpd03847_e': 0.041092197454026216, 'EX_cpd01080_e': 0.041092197454026216, 'EX_cpd00010_e': 0.041092197454026216, 'EX_cpd00264_e': 0.041092197454026216, 'EX_cpd11606_e': 0.041092197454026216, 'EX_cpd00305_e': 0.041092197454026216, 'EX_cpd00129_e': 0.041092197454026216, 'EX_cpd00367_e': 0.04109219745428744}"
P. distasonis_gapfilled_22,"{'EX_cpd00635_e': 0.04109219745381919, 'EX_cpd00023_e': 0.04109219745393906, 'EX_cpd11595_e': 0.04109219745381919, 'EX_cpd00154_e': 0.04109219745382418, 'EX_cpd08306_e': 0.04109219745380887, 'EX_cpd00309_e': 0.04109219745380887, 'EX_cpd00540_e': 0.04109219745380887, 'EX_cpd11597_e': 0.04109219745380887, 'EX_cpd08305_e': 0.04109219745380887, 'EX_cpd00396_e': 0.04109219745380887, 'EX_cpd00039_e': 0.04109219745380887, 'EX_cpd00011_e': 0.04109219745380139, 'EX_cpd00322_e': 0.04109219745379557, 'EX_cpd00111_e': 0.04109219745379557, 'EX_cpd00028_e': 0.04109219745379557, 'EX_cpd01188_e': 0.04109219745379557, 'EX_cpd00357_e': 0.04109219745441016, 'EX_cpd03847_e': 0.04109219745379557, 'EX_cpd01080_e': 0.04109219745379557, 'EX_cpd00010_e': 0.04109219745379557, 'EX_cpd00264_e': 0.04109219745379557, 'EX_cpd11606_e': 0.04109219745379557, 'EX_cpd00305_e': 0.04109219745379557, 'EX_cpd00129_e': 0.04109219745379557, 'EX_cpd00367_e': 0.04109219745381919}"
P. distasonis_gapfilled_23,"{'EX_cpd00635_e': 0.041092197453795554, 'EX_cpd00023_e': 0.041092197454731166, 'EX_cpd11595_e': 0.041092197453795554, 'EX_cpd00154_e': 0.04109219745379556, 'EX_cpd08306_e': 0.041092197453795554, 'EX_cpd00309_e': 0.041092197453795554, 'EX_cpd00540_e': 0.041092197453795554, 'EX_cpd11597_e': 0.041092197453795554, 'EX_cpd08305_e': 0.041092197453795554, 'EX_cpd00396_e': 0.041092197453795554, 'EX_cpd00039_e': 0.041092197453795554, 'EX_cpd00011_e': 0.041092197453796074, 'EX_cpd00322_e': 0.041092197453795554, 'EX_cpd00111_e': 0.041092197453795554, 'EX_cpd00028_e': 0.041092197453795554, 'EX_cpd01188_e': 0.041092197453795554, 'EX_cpd00357_e': 0.04109219745377804, 'EX_cpd03847_e': 0.041092197453795554, 'EX_cpd01080_e': 0.041092197453795554, 'EX_cpd00010_e': 0.041092197453795554, 'EX_cpd00264_e': 0.041092197453795554, 'EX_cpd11606_e': 0.041092197453795554, 'EX_cpd00305_e': 0.041092197453795554, 'EX_cpd00129_e': 0.041092197453795554, 'EX_cpd00367_e': 0.041092197453795554}"
P. distasonis_gapfilled_24,"{'EX_cpd00635_e': 0.04109219745379557, 'EX_cpd00023_e': 0.041092197453795574, 'EX_cpd11595_e': 0.04109219745379557, 'EX_cpd00154_e': 0.04109219745379557, 'EX_cpd08306_e': 0.041092197453847595, 'EX_cpd00309_e': 0.041092197453847595, 'EX_cpd00540_e': 0.041092197453847595, 'EX_cpd11597_e': 0.041092197453847595, 'EX_cpd08305_e': 0.041092197453847595, 'EX_cpd00396_e': 0.041092197453847595, 'EX_cpd00039_e': 0.041092197453847595, 'EX_cpd00011_e': 0.04109219745375385, 'EX_cpd00322_e': 0.04109219745375069, 'EX_cpd00111_e': 0.04109219745375069, 'EX_cpd00028_e': 0.04109219745375069, 'EX_cpd01188_e': 0.04109219745375069, 'EX_cpd00357_e': 0.04109219745399522, 'EX_cpd03847_e': 0.04109219745375069, 'EX_cpd01080_e': 0.04109219745375069, 'EX_cpd00010_e': 0.04109219745375069, 'EX_cpd00264_e': 0.04109219745375069, 'EX_cpd11606_e': 0.04109219745375069, 'EX_cpd00305_e': 0.04109219745375069, 'EX_cpd00129_e': 0.041092197453758965, 'EX_cpd00367_e': 0.04109219745379557}"
P. distasonis_gapfilled_25,"{'EX_cpd00635_e': 0.020546098726746176, 'EX_cpd00023_e': 0.020546098727034615, 'EX_cpd11595_e': 0.020546098726746176, 'EX_cpd00154_e': 0.020546098726780343, 'EX_cpd08306_e': 0.020546098726746176, 'EX_cpd00309_e': 0.020546098726746176, 'EX_cpd00540_e': 0.020546098726746176, 'EX_cpd11597_e': 0.020546098726746176, 'EX_cpd08305_e': 0.020546098726746176, 'EX_cpd00396_e': 0.02054609872676269, 'EX_cpd00039_e': 0.020546098726746176, 'EX_cpd00011_e': 0.02054609872689778, 'EX_cpd00322_e': 0.02054609872689778, 'EX_cpd00111_e': 0.02054609872689778, 'EX_cpd00028_e': 0.02054609872689778, 'EX_cpd01188_e': 0.02054609872689778, 'EX_cpd00357_e': 0.020546098726897784, 'EX_cpd03847_e': 0.02054609872689778, 'EX_cpd01080_e': 0.02054609872689778, 'EX_cpd00010_e': 0.02054609872689778, 'EX_cpd00264_e': 0.02054609872689778, 'EX_cpd11606_e': 0.02054609872689778, 'EX_cpd00305_e': 0.02054609872689778, 'EX_cpd00129_e': 0.02054609872689778, 'EX_cpd00367_e': 0.020546098726746176}"
P. distasonis_gapfilled_26,"{'EX_cpd00635_e': 0.04741177298785406, 'EX_cpd00023_e': 0.04741177298426828, 'EX_cpd11595_e': 0.04741177298785406, 'EX_cpd00154_e': 0.04741177298785406, 'EX_cpd08306_e': 0.04741177298785406, 'EX_cpd00309_e': 0.04741177298785406, 'EX_cpd00540_e': 0.04741177298785406, 'EX_cpd11597_e': 0.04741177298785406, 'EX_cpd08305_e': 0.04741177298785406, 'EX_cpd00396_e': 0.04741177298785406, 'EX_cpd00039_e': 0.04741177298785406, 'EX_cpd00011_e': 0.04741177298785406, 'EX_cpd00322_e': 0.04741177298785406, 'EX_cpd00111_e': 0.04741177298785406, 'EX_cpd00028_e': 0.04741177298785406, 'EX_cpd01188_e': 0.04741177298785406, 'EX_cpd00357_e': 0.04741177298753046, 'EX_cpd03847_e': 0.04741177298785406, 'EX_cpd01080_e': 0.04741177298785406, 'EX_cpd00010_e': 0.04741177298785406, 'EX_cpd00264_e': 0.04741177298785406, 'EX_cpd11606_e': 0.04741177298785406, 'EX_cpd00305_e': 0.04741177298785406, 'EX_cpd00129_e': 0.04741177298785406, 'EX_cpd00367_e': 0.04741177298785406}"
P. distasonis_gapfilled_27,"{'EX_cpd00635_e': 0.041092197453791515, 'EX_cpd00023_e': 0.04109219745379554, 'EX_cpd11595_e': 0.041092197453791515, 'EX_cpd00154_e': 0.041092197453791515, 'EX_cpd08306_e': 0.041092197453791515, 'EX_cpd00309_e': 0.041092197453791515, 'EX_cpd00540_e': 0.041092197453791515, 'EX_cpd11597_e': 0.041092197453791515, 'EX_cpd08305_e': 0.041092197453791515, 'EX_cpd00396_e': 0.041092197453791515, 'EX_cpd00039_e': 0.041092197453791515, 'EX_cpd00011_e': 0.04109219745376145, 'EX_cpd00322_e': 0.04109219745376712, 'EX_cpd00111_e': 0.04109219745376712, 'EX_cpd00028_e': 0.04109219745376712, 'EX_cpd01188_e': 0.04109219745376712, 'EX_cpd00357_e': 0.04109219745379554, 'EX_cpd03847_e': 0.04109219745376712, 'EX_cpd01080_e': 0.04109219745376712, 'EX_cpd00010_e': 0.04109219745376712, 'EX_cpd00264_e': 0.04109219745376712, 'EX_cpd11606_e': 0.04109219745376712, 'EX_cpd00305_e': 0.04109219745376712, 'EX_cpd00129_e': 0.04109219745376712, 'EX_cpd00367_e': 0.041092197453791515}"
P. distasonis_gapfilled_28,"{'EX_cpd00635_e': 0.04109219745379557, 'EX_cpd00023_e': 0.04109219744988293, 'EX_cpd11595_e': 0.04109219745379557, 'EX_cpd00154_e': 0.04109219745379557, 'EX_cpd08306_e': 0.04109219745379557, 'EX_cpd00309_e': 0.04109219745379557, 'EX_cpd00540_e': 0.04109219745379557, 'EX_cpd11597_e': 0.04109219745379557, 'EX_cpd08305_e': 0.04109219745379557, 'EX_cpd00396_e': 0.04109219745379557, 'EX_cpd00039_e': 0.04109219745379557, 'EX_cpd00011_e': 0.04109219745379557, 'EX_cpd00322_e': 0.041092197453831754, 'EX_cpd00111_e': 0.041092197453831754, 'EX_cpd00028_e': 0.041092197453831754, 'EX_cpd01188_e': 0.041092197453831754, 'EX_cpd00357_e': 0.04109219745379557, 'EX_cpd03847_e': 0.041092197453831754, 'EX_cpd01080_e': 0.041092197453831754, 'EX_cpd00010_e': 0.041092197453831754, 'EX_cpd00264_e': 0.041092197453831754, 'EX_cpd11606_e': 0.041092197453831754, 'EX_cpd00305_e': 0.041092197453831754, 'EX_cpd00129_e': 0.04109219745385851, 'EX_cpd00367_e': 0.04109219745379557}"
P. distasonis_gapfilled_29,"{'EX_cpd00635_e': 0.041092197453795574, 'EX_cpd00023_e': 0.04109219745444895, 'EX_cpd11595_e': 0.041092197453795574, 'EX_cpd00154_e': 0.041092197453795574, 'EX_cpd08306_e': 0.041092197453795574, 'EX_cpd00309_e': 0.041092197453795574, 'EX_cpd00540_e': 0.041092197453795574, 'EX_cpd11597_e': 0.041092197453795574, 'EX_cpd08305_e': 0.041092197453795574, 'EX_cpd00396_e': 0.041092197453795574, 'EX_cpd00039_e': 0.041092197453795574, 'EX_cpd00011_e': 0.041092197453795574, 'EX_cpd00322_e': 0.041092197453795574, 'EX_cpd00111_e': 0.041092197453795574, 'EX_cpd00028_e': 0.041092197453795574, 'EX_cpd01188_e': 0.041092197453795574, 'EX_cpd00357_e': 0.041092197453795574, 'EX_cpd03847_e': 0.041092197453795574, 'EX_cpd01080_e': 0.041092197453795574, 'EX_cpd00010_e': 0.041092197453795574, 'EX_cpd00264_e': 0.041092197453795574, 'EX_cpd11606_e': 0.041092197453795574, 'EX_cpd00305_e': 0.041092197453795574, 'EX_cpd00129_e': 0.041092197453795574, 'EX_cpd00367_e': 0.041092197453795574}"
P. distasonis_gapfilled_3,"{'EX_cpd00635_e': 0.041092197453795574, 'EX_cpd00023_e': 0.041092197454684266, 'EX_cpd11595_e': 0.041092197453795574, 'EX_cpd00154_e': 0.041092197453808654, 'EX_cpd08306_e': 0.041092197454149736, 'EX_cpd00309_e': 0.041092197454149736, 'EX_cpd00540_e': 0.041092197454149736, 'EX_cpd11597_e': 0.041092197454149736, 'EX_cpd08305_e': 0.041092197454149736, 'EX_cpd00396_e': 0.041092197454149736, 'EX_cpd00039_e': 0.041092197454149736, 'EX_cpd00011_e': 0.04109219745341237, 'EX_cpd00322_e': 0.0410921974534631, 'EX_cpd00111_e': 0.0410921974534631, 'EX_cpd00028_e': 0.0410921974534631, 'EX_cpd01188_e': 0.0410921974534631, 'EX_cpd00357_e': 0.041092197453795574, 'EX_cpd03847_e': 0.0410921974534631, 'EX_cpd01080_e': 0.0410921974534631, 'EX_cpd00010_e': 0.0410921974534631, 'EX_cpd00264_e': 0.0410921974534631, 'EX_cpd11606_e': 0.0410921974534631, 'EX_cpd00305_e': 0.0410921974534631, 'EX_cpd00129_e': 0.0410921974534631, 'EX_cpd00367_e': 0.041092197453795574}"
P. distasonis_gapfilled_30,"{'EX_cpd00635_e': 0.041092197453790134, 'EX_cpd00023_e': 0.041092197453783466, 'EX_cpd11595_e': 0.041092197453790134, 'EX_cpd00154_e': 0.041092197453790134, 'EX_cpd08306_e': 0.041092197453790134, 'EX_cpd00309_e': 0.041092197453790134, 'EX_cpd00540_e': 0.041092197453790134, 'EX_cpd11597_e': 0.041092197453790134, 'EX_cpd08305_e': 0.041092197453790134, 'EX_cpd00396_e': 0.041092197453790134, 'EX_cpd00039_e': 0.041092197453790134, 'EX_cpd00011_e': 0.041092197453790995, 'EX_cpd00322_e': 0.041092197453537156, 'EX_cpd00111_e': 0.041092197453537156, 'EX_cpd00028_e': 0.041092197453537156, 'EX_cpd01188_e': 0.041092197453537156, 'EX_cpd00357_e': 0.041092197453795574, 'EX_cpd03847_e': 0.041092197453537156, 'EX_cpd01080_e': 0.041092197453537156, 'EX_cpd00010_e': 0.041092197453537156, 'EX_cpd00264_e': 0.041092197453537156, 'EX_cpd11606_e': 0.041092197453537156, 'EX_cpd00305_e': 0.041092197453537156, 'EX_cpd00129_e': 0.04109219745348271, 'EX_cpd00367_e': 0.041092197453790134}"
P. distasonis_gapfilled_31,"{'EX_cpd00635_e': 0.041092197453795595, 'EX_cpd00023_e': 0.04109219745296543, 'EX_cpd11595_e': 0.041092197453795595, 'EX_cpd00154_e': 0.041092197453795595, 'EX_cpd08306_e': 0.041092197453795595, 'EX_cpd00309_e': 0.041092197453795595, 'EX_cpd00540_e': 0.041092197453795595, 'EX_cpd11597_e': 0.041092197453795595, 'EX_cpd08305_e': 0.041092197453795595, 'EX_cpd00396_e': 0.041092197453795595, 'EX_cpd00039_e': 0.041092197453795595, 'EX_cpd00011_e': 0.041092197453795595, 'EX_cpd00322_e': 0.041092197453795595, 'EX_cpd00111_e': 0.041092197453795595, 'EX_cpd00028_e': 0.041092197453795595, 'EX_cpd01188_e': 0.041092197453795595, 'EX_cpd00357_e': 0.04109219745379556, 'EX_cpd03847_e': 0.041092197453795595, 'EX_cpd01080_e': 0.041092197453795595, 'EX_cpd00010_e': 0.041092197453795595, 'EX_cpd00264_e': 0.041092197453795595, 'EX_cpd11606_e': 0.041092197453795595, 'EX_cpd00305_e': 0.041092197453795595, 'EX_cpd00129_e': 0.041092197453795595, 'EX_cpd00367_e': 0.041092197453795595}"
P. distasonis_gapfilled_32,"{'EX_cpd00635_e': 0.020546098726897798, 'EX_cpd00023_e': 0.02054609872698351, 'EX_cpd11595_e': 0.020546098726897798, 'EX_cpd00154_e': 0.020546098726897798, 'EX_cpd08306_e': 0.020546098726897798, 'EX_cpd00309_e': 0.020546098726897798, 'EX_cpd00540_e': 0.020546098726897798, 'EX_cpd11597_e': 0.020546098726897798, 'EX_cpd08305_e': 0.020546098726897798, 'EX_cpd00396_e': 0.020546098726897798, 'EX_cpd00039_e': 0.020546098726897798, 'EX_cpd00011_e': 0.020546098726897798, 'EX_cpd00322_e': 0.020546098726897798, 'EX_cpd00111_e': 0.020546098726897798, 'EX_cpd00028_e': 0.020546098726897798, 'EX_cpd01188_e': 0.020546098726897798, 'EX_cpd00357_e': 0.020546098726915058, 'EX_cpd03847_e': 0.020546098726897798, 'EX_cpd01080_e': 0.020546098726897798, 'EX_cpd00010_e': 0.020546098726897798, 'EX_cpd00264_e': 0.020546098726897798, 'EX_cpd11606_e': 0.020546098726897798, 'EX_cpd00305_e': 0.020546098726897798, 'EX_cpd00129_e': 0.020546098726897798, 'EX_cpd00367_e': 0.020546098726897798}"
P. distasonis_gapfilled_33,"{'EX_cpd00635_e': 0.020546098726897787, 'EX_cpd00023_e': 0.020546098728187207, 'EX_cpd11595_e': 0.020546098726897787, 'EX_cpd00154_e': 0.020546098726897784, 'EX_cpd08306_e': 0.020546098726897787, 'EX_cpd00309_e': 0.020546098726897787, 'EX_cpd00540_e': 0.020546098726897787, 'EX_cpd11597_e': 0.020546098726897787, 'EX_cpd08305_e': 0.020546098726897787, 'EX_cpd00396_e': 0.020546098726897787, 'EX_cpd00039_e': 0.020546098726897787, 'EX_cpd00011_e': 0.020546098726897798, 'EX_cpd00322_e': 0.020546098726897798, 'EX_cpd00111_e': 0.020546098726897798, 'EX_cpd00028_e': 0.020546098726897798, 'EX_cpd01188_e': 0.020546098726897798, 'EX_cpd00357_e': 0.020546098727875065, 'EX_cpd03847_e': 0.020546098726897798, 'EX_cpd01080_e': 0.020546098726897798, 'EX_cpd00010_e': 0.020546098726897798, 'EX_cpd00264_e': 0.020546098726897798, 'EX_cpd11606_e': 0.020546098726897798, 'EX_cpd00305_e': 0.020546098726897798, 'EX_cpd00129_e': 0.020546098726897798, 'EX_cpd00367_e': 0.020546098726897787}"
P. distasonis_gapfilled_34,"{'EX_cpd00635_e': 0.041092197453795554, 'EX_cpd00023_e': 0.04109219745369316, 'EX_cpd11595_e': 0.041092197453795554, 'EX_cpd00154_e': 0.041092197453795554, 'EX_cpd08306_e': 0.04109219745379554, 'EX_cpd00309_e': 0.04109219745379554, 'EX_cpd00540_e': 0.04109219745379554, 'EX_cpd11597_e': 0.04109219745379554, 'EX_cpd08305_e': 0.04109219745379554, 'EX_cpd00396_e': 0.04109219745379554, 'EX_cpd00039_e': 0.04109219745379554, 'EX_cpd00011_e': 0.04109219745381836, 'EX_cpd00322_e': 0.04109219745379556, 'EX_cpd00111_e': 0.04109219745379556, 'EX_cpd00028_e': 0.04109219745379556, 'EX_cpd01188_e': 0.04109219745379556, 'EX_cpd00357_e': 0.04109219745379559, 'EX_cpd03847_e': 0.04109219745379556, 'EX_cpd01080_e': 0.04109219745379556, 'EX_cpd00010_e': 0.04109219745379556, 'EX_cpd00264_e': 0.04109219745379556, 'EX_cpd11606_e': 0.04109219745379556, 'EX_cpd00305_e': 0.04109219745379556, 'EX_cpd00129_e': 0.041092197453795595, 'EX_cpd00367_e': 0.041092197453795554}"
P. distasonis_gapfilled_35,"{'EX_cpd00635_e': 0.04109219745379557, 'EX_cpd00023_e': 0.04109219745378582, 'EX_cpd11595_e': 0.04109219745379557, 'EX_cpd00154_e': 0.04109219745385244, 'EX_cpd08306_e': 0.041092197453056645, 'EX_cpd00309_e': 0.041092197453056645, 'EX_cpd00540_e': 0.041092197453056645, 'EX_cpd11597_e': 0.041092197453056645, 'EX_cpd08305_e': 0.041092197453056645, 'EX_cpd00396_e': 0.041092197452663654, 'EX_cpd00039_e': 0.041092197453056645, 'EX_cpd00011_e': 0.041092197453056645, 'EX_cpd00322_e': 0.041092197453056645, 'EX_cpd00111_e': 0.041092197453056645, 'EX_cpd00028_e': 0.041092197453056645, 'EX_cpd01188_e': 0.041092197453056645, 'EX_cpd00357_e': 0.04109219745327845, 'EX_cpd03847_e': 0.041092197453056645, 'EX_cpd01080_e': 0.041092197453056645, 'EX_cpd00010_e': 0.041092197453056645, 'EX_cpd00264_e': 0.041092197453056645, 'EX_cpd11606_e': 0.041092197453056645, 'EX_cpd00305_e': 0.041092197453056645, 'EX_cpd00129_e': 0.04109219745579432, 'EX_cpd00367_e': 0.04109219745379557}"
P. distasonis_gapfilled_36,"{'EX_cpd00635_e': 0.041092197455446865, 'EX_cpd00023_e': 0.04109219745527985, 'EX_cpd11595_e': 0.041092197455446865, 'EX_cpd00154_e': 0.041092197455446865, 'EX_cpd08306_e': 0.041092197455446865, 'EX_cpd00309_e': 0.041092197455446865, 'EX_cpd00540_e': 0.041092197455446865, 'EX_cpd11597_e': 0.041092197455446865, 'EX_cpd08305_e': 0.041092197455446865, 'EX_cpd00396_e': 0.041092197455446865, 'EX_cpd00039_e': 0.041092197455446865, 'EX_cpd00011_e': 0.041092197454006274, 'EX_cpd00322_e': 0.04109219745382425, 'EX_cpd00111_e': 0.04109219745382425, 'EX_cpd00028_e': 0.04109219745382425, 'EX_cpd01188_e': 0.04109219745382425, 'EX_cpd00357_e': 0.04109219745371788, 'EX_cpd03847_e': 0.04109219745382425, 'EX_cpd01080_e': 0.04109219745382425, 'EX_cpd00010_e': 0.04109219745382425, 'EX_cpd00264_e': 0.04109219745382425, 'EX_cpd11606_e': 0.04109219745382425, 'EX_cpd00305_e': 0.04109219745382425, 'EX_cpd00129_e': 0.04109219745382425, 'EX_cpd00367_e': 0.041092197455446865}"
P. distasonis_gapfilled_37,"{'EX_cpd00635_e': 0.041092197455058196, 'EX_cpd00023_e': 0.041092197453793736, 'EX_cpd11595_e': 0.041092197455058196, 'EX_cpd00154_e': 0.041092197467200824, 'EX_cpd08306_e': 0.041092197453795075, 'EX_cpd00309_e': 0.041092197453795075, 'EX_cpd00540_e': 0.041092197453795075, 'EX_cpd11597_e': 0.041092197453795075, 'EX_cpd08305_e': 0.041092197453795075, 'EX_cpd00396_e': 0.041092197453795075, 'EX_cpd00039_e': 0.041092197453795075, 'EX_cpd00011_e': 0.041092197453795075, 'EX_cpd00322_e': 0.041092197453795075, 'EX_cpd00111_e': 0.041092197453795075, 'EX_cpd00028_e': 0.041092197453795075, 'EX_cpd01188_e': 0.041092197453795075, 'EX_cpd00357_e': 0.04109219745379561, 'EX_cpd03847_e': 0.041092197453795075, 'EX_cpd01080_e': 0.041092197453795075, 'EX_cpd00010_e': 0.041092197453795075, 'EX_cpd00264_e': 0.041092197453795075, 'EX_cpd11606_e': 0.041092197453795075, 'EX_cpd00305_e': 0.041092197453795075, 'EX_cpd00129_e': 0.041092197453795075, 'EX_cpd00367_e': 0.041092197455058196}"
P. distasonis_gapfilled_38,"{'EX_cpd00635_e': 0.04109219745379559, 'EX_cpd00023_e': 0.041092197453795554, 'EX_cpd11595_e': 0.04109219745379559, 'EX_cpd00154_e': 0.04109219745379559, 'EX_cpd08306_e': 0.041092197453795595, 'EX_cpd00309_e': 0.041092197453795595, 'EX_cpd00540_e': 0.041092197453795595, 'EX_cpd11597_e': 0.041092197453795595, 'EX_cpd08305_e': 0.041092197453795595, 'EX_cpd00396_e': 0.041092197453795595, 'EX_cpd00039_e': 0.041092197453795595, 'EX_cpd00011_e': 0.041092197453795574, 'EX_cpd00322_e': 0.041092197453795574, 'EX_cpd00111_e': 0.041092197453795574, 'EX_cpd00028_e': 0.041092197453795574, 'EX_cpd01188_e': 0.041092197453795574, 'EX_cpd00357_e': 0.041092197453795554, 'EX_cpd03847_e': 0.041092197453795574, 'EX_cpd01080_e': 0.041092197453795574, 'EX_cpd00010_e': 0.041092197453795574, 'EX_cpd00264_e': 0.041092197453795574, 'EX_cpd11606_e': 0.041092197453795574, 'EX_cpd00305_e': 0.041092197453795574, 'EX_cpd00129_e': 0.041092197453795574, 'EX_cpd00367_e': 0.04109219745379559}"
P. distasonis_gapfilled_39,"{'EX_cpd00635_e': 0.020546098726897787, 'EX_cpd00023_e': 0.020546098726897777, 'EX_cpd11595_e': 0.020546098726897787, 'EX_cpd00154_e': 0.020546098726897787, 'EX_cpd08306_e': 0.020546098726897787, 'EX_cpd00309_e': 0.020546098726897787, 'EX_cpd00540_e': 0.020546098726897787, 'EX_cpd11597_e': 0.020546098726897787, 'EX_cpd08305_e': 0.020546098726897787, 'EX_cpd00396_e': 0.020546098726897787, 'EX_cpd00039_e': 0.020546098726897787, 'EX_cpd00011_e': 0.020546098726897787, 'EX_cpd00322_e': 0.020546098726897787, 'EX_cpd00111_e': 0.020546098726897787, 'EX_cpd00028_e': 0.020546098726897787, 'EX_cpd01188_e': 0.020546098726897787, 'EX_cpd00357_e': 0.020546098726897777, 'EX_cpd03847_e': 0.020546098726897787, 'EX_cpd01080_e': 0.020546098726897787, 'EX_cpd00010_e': 0.020546098726897787, 'EX_cpd00264_e': 0.020546098726897787, 'EX_cpd11606_e': 0.020546098726897787, 'EX_cpd00305_e': 0.020546098726897787, 'EX_cpd00129_e': 0.020546098726897787, 'EX_cpd00367_e': 0.020546098726897787}"
P. distasonis_gapfilled_4,"{'EX_cpd00635_e': 0.04109219745379558, 'EX_cpd00023_e': 0.04109219745380234, 'EX_cpd11595_e': 0.04109219745379558, 'EX_cpd00154_e': 0.04109219745379558, 'EX_cpd08306_e': 0.04109219745379558, 'EX_cpd00309_e': 0.04109219745379558, 'EX_cpd00540_e': 0.04109219745379558, 'EX_cpd11597_e': 0.04109219745379558, 'EX_cpd08305_e': 0.04109219745379558, 'EX_cpd00396_e': 0.04109219745379558, 'EX_cpd00039_e': 0.04109219745379558, 'EX_cpd00011_e': 0.04109219745379558, 'EX_cpd00322_e': 0.04109219745379558, 'EX_cpd00111_e': 0.04109219745379558, 'EX_cpd00028_e': 0.04109219745379558, 'EX_cpd01188_e': 0.04109219745379558, 'EX_cpd00357_e': 0.04109219745379548, 'EX_cpd03847_e': 0.04109219745379558, 'EX_cpd01080_e': 0.04109219745379558, 'EX_cpd00010_e': 0.04109219745379558, 'EX_cpd00264_e': 0.04109219745379558, 'EX_cpd11606_e': 0.04109219745379558, 'EX_cpd00305_e': 0.04109219745379558, 'EX_cpd00129_e': 0.04109219745379558, 'EX_cpd00367_e': 0.04109219745379558}"
P. distasonis_gapfilled_40,"{'EX_cpd00635_e': 0.02054609872700414, 'EX_cpd00023_e': 0.020546098726897784, 'EX_cpd11595_e': 0.02054609872700414, 'EX_cpd00154_e': 0.02054609872700414, 'EX_cpd08306_e': 0.02054609872700414, 'EX_cpd00309_e': 0.02054609872700414, 'EX_cpd00540_e': 0.02054609872700414, 'EX_cpd11597_e': 0.02054609872700414, 'EX_cpd08305_e': 0.02054609872700414, 'EX_cpd00396_e': 0.02054609872700414, 'EX_cpd00039_e': 0.02054609872700414, 'EX_cpd00011_e': 0.02054609872714619, 'EX_cpd00322_e': 0.020546098727430295, 'EX_cpd00111_e': 0.020546098727430295, 'EX_cpd00028_e': 0.020546098727430295, 'EX_cpd01188_e': 0.020546098727430295, 'EX_cpd00357_e': 0.020546098726880083, 'EX_cpd03847_e': 0.020546098727430295, 'EX_cpd01080_e': 0.020546098727430295, 'EX_cpd00010_e': 0.020546098727430295, 'EX_cpd00264_e': 0.020546098727430295, 'EX_cpd11606_e': 0.020546098727430295, 'EX_cpd00305_e': 0.020546098727430295, 'EX_cpd00129_e': 0.020546098727430295, 'EX_cpd00367_e': 0.02054609872700414}"
P. distasonis_gapfilled_41,"{'EX_cpd00635_e': 0.020546098726962593, 'EX_cpd00023_e': 0.020546098726897798, 'EX_cpd11595_e': 0.020546098726962593, 'EX_cpd00154_e': 0.020546098726897794, 'EX_cpd08306_e': 0.020546098726897853, 'EX_cpd00309_e': 0.020546098726897853, 'EX_cpd00540_e': 0.020546098726897853, 'EX_cpd11597_e': 0.020546098726897853, 'EX_cpd08305_e': 0.020546098726897853, 'EX_cpd00396_e': 0.020546098726897853, 'EX_cpd00039_e': 0.020546098726897853, 'EX_cpd00011_e': 0.020546098726897853, 'EX_cpd00322_e': 0.020546098726897853, 'EX_cpd00111_e': 0.020546098726897853, 'EX_cpd00028_e': 0.020546098726897853, 'EX_cpd01188_e': 0.020546098726897853, 'EX_cpd00357_e': 0.020546098726897798, 'EX_cpd03847_e': 0.020546098726897853, 'EX_cpd01080_e': 0.020546098726897853, 'EX_cpd00010_e': 0.020546098726897853, 'EX_cpd00264_e': 0.020546098726897853, 'EX_cpd11606_e': 0.020546098726897853, 'EX_cpd00305_e': 0.020546098726897853, 'EX_cpd00129_e': 0.020546098726897853, 'EX_cpd00367_e': 0.020546098726962593}"
P. distasonis_gapfilled_42,"{'EX_cpd00635_e': 0.020546098726897784, 'EX_cpd00023_e': 0.020546098726822067, 'EX_cpd11595_e': 0.020546098726897784, 'EX_cpd00154_e': 0.020546098726897784, 'EX_cpd08306_e': 0.020546098726897784, 'EX_cpd00309_e': 0.020546098726897784, 'EX_cpd00540_e': 0.020546098726897784, 'EX_cpd11597_e': 0.020546098726897784, 'EX_cpd08305_e': 0.020546098726897784, 'EX_cpd00396_e': 0.020546098726897784, 'EX_cpd00039_e': 0.020546098726897784, 'EX_cpd00011_e': 0.020546098726897784, 'EX_cpd00322_e': 0.020546098726897784, 'EX_cpd00111_e': 0.020546098726897784, 'EX_cpd00028_e': 0.020546098726897784, 'EX_cpd01188_e': 0.020546098726897784, 'EX_cpd00357_e': 0.020546098726897784, 'EX_cpd03847_e': 0.020546098726897784, 'EX_cpd01080_e': 0.020546098726897784, 'EX_cpd00010_e': 0.020546098726897784, 'EX_cpd00264_e': 0.020546098726897784, 'EX_cpd11606_e': 0.020546098726897784, 'EX_cpd00305_e': 0.020546098726897784, 'EX_cpd00129_e': 0.020546098726897784, 'EX_cpd00367_e': 0.020546098726897784}"
P. distasonis_gapfilled_43,"{'EX_cpd00635_e': 0.04109219745379556, 'EX_cpd00023_e': 0.04109219745396387, 'EX_cpd11595_e': 0.04109219745379556, 'EX_cpd00154_e': 0.04109219745379556, 'EX_cpd08306_e': 0.04109219745379556, 'EX_cpd00309_e': 0.04109219745379556, 'EX_cpd00540_e': 0.04109219745379556, 'EX_cpd11597_e': 0.04109219745379556, 'EX_cpd08305_e': 0.04109219745379556, 'EX_cpd00396_e': 0.04109219745379556, 'EX_cpd00039_e': 0.04109219745379556, 'EX_cpd00011_e': 0.04109219745379168, 'EX_cpd00322_e': 0.04109219745379556, 'EX_cpd00111_e': 0.04109219745379556, 'EX_cpd00028_e': 0.04109219745379556, 'EX_cpd01188_e': 0.04109219745379556, 'EX_cpd00357_e': 0.041092197453795574, 'EX_cpd03847_e': 0.04109219745379556, 'EX_cpd01080_e': 0.04109219745379556, 'EX_cpd00010_e': 0.04109219745379556, 'EX_cpd00264_e': 0.04109219745379556, 'EX_cpd11606_e': 0.04109219745379556, 'EX_cpd00305_e': 0.04109219745379556, 'EX_cpd00129_e': 0.04109219745379556, 'EX_cpd00367_e': 0.04109219745379556}"
P. distasonis_gapfilled_44,"{'EX_cpd00635_e': 0.04109219745375146, 'EX_cpd00023_e': 0.0410921974539902, 'EX_cpd11595_e': 0.04109219745375146, 'EX_cpd00154_e': 0.041092197453840955, 'EX_cpd08306_e': 0.04109219745376056, 'EX_cpd00309_e': 0.04109219745376056, 'EX_cpd00540_e': 0.04109219745376056, 'EX_cpd11597_e': 0.04109219745376056, 'EX_cpd08305_e': 0.04109219745376056, 'EX_cpd00396_e': 0.04109219745376056, 'EX_cpd00039_e': 0.04109219745376056, 'EX_cpd00011_e': 0.041092197453855776, 'EX_cpd00322_e': 0.041092197453787026, 'EX_cpd00111_e': 0.041092197453787026, 'EX_cpd00028_e': 0.041092197453787026, 'EX_cpd01188_e': 0.041092197453787026, 'EX_cpd00357_e': 0.041092197453795574, 'EX_cpd03847_e': 0.041092197453787026, 'EX_cpd01080_e': 0.041092197453787026, 'EX_cpd00010_e': 0.041092197453787026, 'EX_cpd00264_e': 0.041092197453787026, 'EX_cpd11606_e': 0.041092197453787026, 'EX_cpd00305_e': 0.041092197453787026, 'EX_cpd00129_e': 0.04109219745373574, 'EX_cpd00367_e': 0.04109219745375146}"
P. distasonis_gapfilled_45,"{'EX_cpd00635_e': 0.041092197453795574, 'EX_cpd00023_e': 0.04109219745119736, 'EX_cpd11595_e': 0.041092197453795574, 'EX_cpd00154_e': 0.0410921974537902, 'EX_cpd08306_e': 0.04109219745391324, 'EX_cpd00309_e': 0.04109219745391324, 'EX_cpd00540_e': 0.04109219745391324, 'EX_cpd11597_e': 0.04109219745391324, 'EX_cpd08305_e': 0.04109219745391324, 'EX_cpd00396_e': 0.04109219745391324, 'EX_cpd00039_e': 0.04109219745391324, 'EX_cpd00011_e': 0.041092197453783584, 'EX_cpd00322_e': 0.041092197453913244, 'EX_cpd00111_e': 0.041092197453913244, 'EX_cpd00028_e': 0.041092197453913244, 'EX_cpd01188_e': 0.041092197453913244, 'EX_cpd00357_e': 0.041092197453797975, 'EX_cpd03847_e': 0.041092197453913244, 'EX_cpd01080_e': 0.041092197453913244, 'EX_cpd00010_e': 0.041092197453913244, 'EX_cpd00264_e': 0.041092197453913244, 'EX_cpd11606_e': 0.041092197453913244, 'EX_cpd00305_e': 0.041092197453913244, 'EX_cpd00129_e': 0.041092197453913244, 'EX_cpd00367_e': 0.041092197453795574}"
P. distasonis_gapfilled_46,"{'EX_cpd00635_e': 0.04109219745386123, 'EX_cpd00023_e': 0.04109219745379556, 'EX_cpd11595_e': 0.04109219745386123, 'EX_cpd00154_e': 0.041092197453872235, 'EX_cpd08306_e': 0.04109219745386413, 'EX_cpd00309_e': 0.04109219745386413, 'EX_cpd00540_e': 0.04109219745386413, 'EX_cpd11597_e': 0.04109219745386413, 'EX_cpd08305_e': 0.04109219745386413, 'EX_cpd00396_e': 0.04109219745386413, 'EX_cpd00039_e': 0.04109219745386413, 'EX_cpd00011_e': 0.04109219745387404, 'EX_cpd00322_e': 0.04109219745383428, 'EX_cpd00111_e': 0.04109219745383428, 'EX_cpd00028_e': 0.04109219745383428, 'EX_cpd01188_e': 0.04109219745383428, 'EX_cpd00357_e': 0.0410921974543032, 'EX_cpd03847_e': 0.04109219745383428, 'EX_cpd01080_e': 0.04109219745383428, 'EX_cpd00010_e': 0.04109219745383428, 'EX_cpd00264_e': 0.04109219745383428, 'EX_cpd11606_e': 0.04109219745383428, 'EX_cpd00305_e': 0.04109219745383428, 'EX_cpd00129_e': 0.04109219745381895, 'EX_cpd00367_e': 0.04109219745386123}"
P. distasonis_gapfilled_47,"{'EX_cpd00635_e': 0.04109219745379557, 'EX_cpd00023_e': 0.04109219745360539, 'EX_cpd11595_e': 0.04109219745379557, 'EX_cpd00154_e': 0.04109219745379557, 'EX_cpd08306_e': 0.041092197453795616, 'EX_cpd00309_e': 0.041092197453795616, 'EX_cpd00540_e': 0.041092197453795616, 'EX_cpd11597_e': 0.041092197453795616, 'EX_cpd08305_e': 0.041092197453795616, 'EX_cpd00396_e': 0.041092197453795616, 'EX_cpd00039_e': 0.041092197453795616, 'EX_cpd00011_e': 0.04109219745379564, 'EX_cpd00322_e': 0.04109219745379557, 'EX_cpd00111_e': 0.04109219745379557, 'EX_cpd00028_e': 0.04109219745379557, 'EX_cpd01188_e': 0.04109219745379557, 'EX_cpd00357_e': 0.04109219745379511, 'EX_cpd03847_e': 0.04109219745379557, 'EX_cpd01080_e': 0.04109219745379557, 'EX_cpd00010_e': 0.04109219745379557, 'EX_cpd00264_e': 0.04109219745379557, 'EX_cpd11606_e': 0.04109219745379557, 'EX_cpd00305_e': 0.04109219745379557, 'EX_cpd00129_e': 0.04109219745379557, 'EX_cpd00367_e': 0.04109219745379557}"
P. distasonis_gapfilled_48,"{'EX_cpd00635_e': 0.020546098726897787, 'EX_cpd00023_e': 0.020546098726934817, 'EX_cpd11595_e': 0.020546098726897787, 'EX_cpd00154_e': 0.020546098726897787, 'EX_cpd08306_e': 0.020546098726897787, 'EX_cpd00309_e': 0.020546098726897787, 'EX_cpd00540_e': 0.020546098726897787, 'EX_cpd11597_e': 0.020546098726897787, 'EX_cpd08305_e': 0.020546098726897787, 'EX_cpd00396_e': 0.020546098726897787, 'EX_cpd00039_e': 0.020546098726897787, 'EX_cpd00011_e': 0.020546098726897787, 'EX_cpd00322_e': 0.020546098726897787, 'EX_cpd00111_e': 0.020546098726897787, 'EX_cpd00028_e': 0.020546098726897787, 'EX_cpd01188_e': 0.020546098726897787, 'EX_cpd00357_e': 0.020546098726897784, 'EX_cpd03847_e': 0.020546098726897787, 'EX_cpd01080_e': 0.020546098726897787, 'EX_cpd00010_e': 0.020546098726897787, 'EX_cpd00264_e': 0.020546098726897787, 'EX_cpd11606_e': 0.020546098726897787, 'EX_cpd00305_e': 0.020546098726897787, 'EX_cpd00129_e': 0.020546098726897787, 'EX_cpd00367_e': 0.020546098726897787}"
P. distasonis_gapfilled_49,"{'EX_cpd00635_e': 0.020546098726897784, 'EX_cpd00023_e': 0.020546098716690896, 'EX_cpd11595_e': 0.020546098726897784, 'EX_cpd00154_e': 0.020546098726897784, 'EX_cpd08306_e': 0.020546098726897784, 'EX_cpd00309_e': 0.020546098726897784, 'EX_cpd00540_e': 0.020546098726897784, 'EX_cpd11597_e': 0.020546098726897784, 'EX_cpd08305_e': 0.020546098726897784, 'EX_cpd00396_e': 0.020546098726897784, 'EX_cpd00039_e': 0.020546098726897784, 'EX_cpd00011_e': 0.020546098726897784, 'EX_cpd00322_e': 0.020546098726897784, 'EX_cpd00111_e': 0.020546098726897784, 'EX_cpd00028_e': 0.020546098726897784, 'EX_cpd01188_e': 0.020546098726897784, 'EX_cpd00357_e': 0.020546098726897784, 'EX_cpd03847_e': 0.020546098726897784, 'EX_cpd01080_e': 0.020546098726897784, 'EX_cpd00010_e': 0.020546098726897784, 'EX_cpd00264_e': 0.020546098726897784, 'EX_cpd11606_e': 0.020546098726897784, 'EX_cpd00305_e': 0.020546098726897784, 'EX_cpd00129_e': 0.020546098726897784, 'EX_cpd00367_e': 0.020546098726897784}"
P. distasonis_gapfilled_5,"{'EX_cpd00635_e': 0.04109219745371559, 'EX_cpd00023_e': 0.041092197453787664, 'EX_cpd11595_e': 0.04109219745371559, 'EX_cpd00154_e': 0.04109219745371559, 'EX_cpd08306_e': 0.04109219745371559, 'EX_cpd00309_e': 0.04109219745371559, 'EX_cpd00540_e': 0.04109219745371559, 'EX_cpd11597_e': 0.04109219745371559, 'EX_cpd08305_e': 0.04109219745371559, 'EX_cpd00396_e': 0.04109219745371559, 'EX_cpd00039_e': 0.04109219745371559, 'EX_cpd00011_e': 0.041092197453795574, 'EX_cpd00322_e': 0.041092197453795574, 'EX_cpd00111_e': 0.041092197453795574, 'EX_cpd00028_e': 0.041092197453795574, 'EX_cpd01188_e': 0.041092197453795574, 'EX_cpd00357_e': 0.041092197453415656, 'EX_cpd03847_e': 0.041092197453795574, 'EX_cpd01080_e': 0.041092197453795574, 'EX_cpd00010_e': 0.041092197453795574, 'EX_cpd00264_e': 0.041092197453795574, 'EX_cpd11606_e': 0.041092197453795574, 'EX_cpd00305_e': 0.041092197453795574, 'EX_cpd00129_e': 0.041092197453795574, 'EX_cpd00367_e': 0.04109219745371559}"
P. distasonis_gapfilled_50,"{'EX_cpd00635_e': 0.041092197453795554, 'EX_cpd00023_e': 0.04109219745329303, 'EX_cpd11595_e': 0.041092197453795554, 'EX_cpd00154_e': 0.041092197453795554, 'EX_cpd08306_e': 0.041092197453795554, 'EX_cpd00309_e': 0.041092197453795554, 'EX_cpd00540_e': 0.041092197453795554, 'EX_cpd11597_e': 0.041092197453795554, 'EX_cpd08305_e': 0.041092197453795554, 'EX_cpd00396_e': 0.041092197453795554, 'EX_cpd00039_e': 0.041092197453795554, 'EX_cpd00011_e': 0.041092197453795554, 'EX_cpd00322_e': 0.041092197453795554, 'EX_cpd00111_e': 0.041092197453795554, 'EX_cpd00028_e': 0.041092197453795554, 'EX_cpd01188_e': 0.041092197453795554, 'EX_cpd00357_e': 0.041092197453802035, 'EX_cpd03847_e': 0.041092197453795554, 'EX_cpd01080_e': 0.041092197453795554, 'EX_cpd00010_e': 0.041092197453795554, 'EX_cpd00264_e': 0.041092197453795554, 'EX_cpd11606_e': 0.041092197453795554, 'EX_cpd00305_e': 0.041092197453795554, 'EX_cpd00129_e': 0.041092197453795554, 'EX_cpd00367_e': 0.041092197453795554}"
P. distasonis_gapfilled_51,"{'EX_cpd00635_e': 0.020546098725493265, 'EX_cpd00023_e': 0.020546098726918302, 'EX_cpd11595_e': 0.020546098725493265, 'EX_cpd00154_e': 0.020546098725576056, 'EX_cpd08306_e': 0.020546098725493265, 'EX_cpd00309_e': 0.020546098725493265, 'EX_cpd00540_e': 0.020546098725493265, 'EX_cpd11597_e': 0.020546098725493265, 'EX_cpd08305_e': 0.020546098725493265, 'EX_cpd00396_e': 0.020546098725493265, 'EX_cpd00039_e': 0.020546098725493265, 'EX_cpd00011_e': 0.020546098725727095, 'EX_cpd00322_e': 0.020546098726847744, 'EX_cpd00111_e': 0.020546098726847744, 'EX_cpd00028_e': 0.020546098726847744, 'EX_cpd01188_e': 0.020546098726847744, 'EX_cpd00357_e': 0.020546098726897905, 'EX_cpd03847_e': 0.020546098726847744, 'EX_cpd01080_e': 0.020546098726847744, 'EX_cpd00010_e': 0.020546098726847744, 'EX_cpd00264_e': 0.020546098726847744, 'EX_cpd11606_e': 0.020546098726847744, 'EX_cpd00305_e': 0.020546098726847744, 'EX_cpd00129_e': 0.020546098726847744, 'EX_cpd00367_e': 0.020546098725493265}"
P. distasonis_gapfilled_52,"{'EX_cpd00635_e': 0.04109219745379556, 'EX_cpd00023_e': 0.04109219745303774, 'EX_cpd11595_e': 0.04109219745379556, 'EX_cpd00154_e': 0.04109219745379556, 'EX_cpd08306_e': 0.04109219745383392, 'EX_cpd00309_e': 0.04109219745374167, 'EX_cpd00540_e': 0.04109219745374167, 'EX_cpd11597_e': 0.04109219745374167, 'EX_cpd08305_e': 0.04109219745374167, 'EX_cpd00396_e': 0.04109219745374167, 'EX_cpd00039_e': 0.04109219745374167, 'EX_cpd00011_e': 0.04109219745374167, 'EX_cpd00322_e': 0.04109219745374167, 'EX_cpd00111_e': 0.04109219745374167, 'EX_cpd00028_e': 0.04109219745374167, 'EX_cpd01188_e': 0.04109219745374167, 'EX_cpd00357_e': 0.04109219745385804, 'EX_cpd03847_e': 0.04109219745374167, 'EX_cpd01080_e': 0.04109219745374167, 'EX_cpd00010_e': 0.04109219745374167, 'EX_cpd00264_e': 0.04109219745374167, 'EX_cpd11606_e': 0.04109219745374167, 'EX_cpd00305_e': 0.04109219745374167, 'EX_cpd00129_e': 0.04109219745374167, 'EX_cpd00367_e': 0.04109219745379556}"
P. distasonis_gapfilled_53,"{'EX_cpd00635_e': 0.02054609872689779, 'EX_cpd00023_e': 0.020546098726222164, 'EX_cpd11595_e': 0.02054609872689779, 'EX_cpd00154_e': 0.02054609872689779, 'EX_cpd08306_e': 0.02054609872689779, 'EX_cpd00309_e': 0.02054609872689779, 'EX_cpd00540_e': 0.02054609872689779, 'EX_cpd11597_e': 0.02054609872689779, 'EX_cpd08305_e': 0.02054609872689779, 'EX_cpd00396_e': 0.02054609872689779, 'EX_cpd00039_e': 0.02054609872689779, 'EX_cpd00011_e': 0.02054609872689779, 'EX_cpd00322_e': 0.020546098726897784, 'EX_cpd00111_e': 0.020546098726897784, 'EX_cpd00028_e': 0.020546098726897784, 'EX_cpd01188_e': 0.020546098726897784, 'EX_cpd00357_e': 0.020546098726897787, 'EX_cpd03847_e': 0.020546098726897784, 'EX_cpd01080_e': 0.020546098726897784, 'EX_cpd00010_e': 0.020546098726897784, 'EX_cpd00264_e': 0.020546098726897784, 'EX_cpd11606_e': 0.020546098726897784, 'EX_cpd00305_e': 0.020546098726897784, 'EX_cpd00129_e': 0.020546098726897784, 'EX_cpd00367_e': 0.02054609872689779}"
P. distasonis_gapfilled_54,"{'EX_cpd00635_e': 0.020546098726897756, 'EX_cpd00023_e': 0.020546098726871537, 'EX_cpd11595_e': 0.020546098726897756, 'EX_cpd00154_e': 0.020546098726897777, 'EX_cpd08306_e': 0.02054609872670078, 'EX_cpd00309_e': 0.02054609872670078, 'EX_cpd00540_e': 0.02054609872670078, 'EX_cpd11597_e': 0.02054609872670078, 'EX_cpd08305_e': 0.02054609872670078, 'EX_cpd00396_e': 0.02054609872670078, 'EX_cpd00039_e': 0.02054609872670078, 'EX_cpd00011_e': 0.020546098726715884, 'EX_cpd00322_e': 0.02054609872670078, 'EX_cpd00111_e': 0.02054609872670078, 'EX_cpd00028_e': 0.02054609872670078, 'EX_cpd01188_e': 0.02054609872670078, 'EX_cpd00357_e': 0.020546098726897784, 'EX_cpd03847_e': 0.02054609872670078, 'EX_cpd01080_e': 0.02054609872670078, 'EX_cpd00010_e': 0.02054609872670078, 'EX_cpd00264_e': 0.02054609872670078, 'EX_cpd11606_e': 0.02054609872670078, 'EX_cpd00305_e': 0.02054609872670078, 'EX_cpd00129_e': 0.02054609872670078, 'EX_cpd00367_e': 0.020546098726897756}"
P. distasonis_gapfilled_55,"{'EX_cpd00635_e': 0.0410921974544776, 'EX_cpd00023_e': 0.04109219745445344, 'EX_cpd11595_e': 0.0410921974544776, 'EX_cpd00154_e': 0.04109219745426335, 'EX_cpd08306_e': 0.0410921974544776, 'EX_cpd00309_e': 0.0410921974544776, 'EX_cpd00540_e': 0.0410921974544776, 'EX_cpd11597_e': 0.0410921974544776, 'EX_cpd08305_e': 0.0410921974544776, 'EX_cpd00396_e': 0.041092197454398495, 'EX_cpd00039_e': 0.0410921974544776, 'EX_cpd00011_e': 0.04109219745479005, 'EX_cpd00322_e': 0.041092197453795574, 'EX_cpd00111_e': 0.041092197453795574, 'EX_cpd00028_e': 0.041092197453795574, 'EX_cpd01188_e': 0.041092197453795574, 'EX_cpd00357_e': 0.04109219745392953, 'EX_cpd03847_e': 0.041092197453795574, 'EX_cpd01080_e': 0.041092197453795574, 'EX_cpd00010_e': 0.041092197453795574, 'EX_cpd00264_e': 0.041092197453795574, 'EX_cpd11606_e': 0.041092197453795574, 'EX_cpd00305_e': 0.041092197453795574, 'EX_cpd00129_e': 0.041092197453795574, 'EX_cpd00367_e': 0.0410921974544776}"
P. distasonis_gapfilled_56,"{'EX_cpd00635_e': 0.041092197453795595, 'EX_cpd00023_e': 0.04109219745379556, 'EX_cpd11595_e': 0.041092197453795595, 'EX_cpd00154_e': 0.041092197453795595, 'EX_cpd08306_e': 0.041092197453795595, 'EX_cpd00309_e': 0.041092197453795595, 'EX_cpd00540_e': 0.041092197453795595, 'EX_cpd11597_e': 0.041092197453795595, 'EX_cpd08305_e': 0.041092197453795595, 'EX_cpd00396_e': 0.041092197453795595, 'EX_cpd00039_e': 0.041092197453795595, 'EX_cpd00011_e': 0.041092197453795595, 'EX_cpd00322_e': 0.041092197453795595, 'EX_cpd00111_e': 0.041092197453795595, 'EX_cpd00028_e': 0.041092197453795595, 'EX_cpd01188_e': 0.041092197453795595, 'EX_cpd00357_e': 0.04109219745379559, 'EX_cpd03847_e': 0.041092197453795595, 'EX_cpd01080_e': 0.041092197453795595, 'EX_cpd00010_e': 0.041092197453795595, 'EX_cpd00264_e': 0.041092197453795595, 'EX_cpd11606_e': 0.041092197453795595, 'EX_cpd00305_e': 0.041092197453795595, 'EX_cpd00129_e': 0.041092197453795595, 'EX_cpd00367_e': 0.041092197453795595}"
P. distasonis_gapfilled_57,"{'EX_cpd00635_e': 0.020546098726897808, 'EX_cpd00023_e': 0.020546098727193277, 'EX_cpd11595_e': 0.020546098726897808, 'EX_cpd00154_e': 0.020546098726897808, 'EX_cpd08306_e': 0.020546098726897808, 'EX_cpd00309_e': 0.020546098726897808, 'EX_cpd00540_e': 0.020546098726897808, 'EX_cpd11597_e': 0.020546098726897808, 'EX_cpd08305_e': 0.020546098726897808, 'EX_cpd00396_e': 0.020546098726897808, 'EX_cpd00039_e': 0.020546098726897808, 'EX_cpd00011_e': 0.020546098726897808, 'EX_cpd00322_e': 0.020546098726897808, 'EX_cpd00111_e': 0.020546098726897808, 'EX_cpd00028_e': 0.020546098726897808, 'EX_cpd01188_e': 0.020546098726897808, 'EX_cpd00357_e': 0.02054609872689782, 'EX_cpd03847_e': 0.020546098726897808, 'EX_cpd01080_e': 0.020546098726897808, 'EX_cpd00010_e': 0.020546098726897808, 'EX_cpd00264_e': 0.020546098726897808, 'EX_cpd11606_e': 0.020546098726897808, 'EX_cpd00305_e': 0.020546098726897808, 'EX_cpd00129_e': 0.020546098726897808, 'EX_cpd00367_e': 0.020546098726897808}"
P. distasonis_gapfilled_58,"{'EX_cpd00635_e': 0.02054609872694377, 'EX_cpd00023_e': 0.020546098726897787, 'EX_cpd11595_e': 0.02054609872694377, 'EX_cpd00154_e': 0.020546098726943778, 'EX_cpd08306_e': 0.020546098726897777, 'EX_cpd00309_e': 0.020546098726897777, 'EX_cpd00540_e': 0.020546098726897777, 'EX_cpd11597_e': 0.020546098726897777, 'EX_cpd08305_e': 0.020546098726897777, 'EX_cpd00396_e': 0.020546098726897777, 'EX_cpd00039_e': 0.020546098726897777, 'EX_cpd00011_e': 0.020546098726897777, 'EX_cpd00322_e': 0.020546098726897777, 'EX_cpd00111_e': 0.020546098726897777, 'EX_cpd00028_e': 0.020546098726897777, 'EX_cpd01188_e': 0.020546098726897777, 'EX_cpd00357_e': 0.020546098726897798, 'EX_cpd03847_e': 0.020546098726897777, 'EX_cpd01080_e': 0.020546098726897777, 'EX_cpd00010_e': 0.020546098726897777, 'EX_cpd00264_e': 0.020546098726897777, 'EX_cpd11606_e': 0.020546098726897777, 'EX_cpd00305_e': 0.020546098726897777, 'EX_cpd00129_e': 0.020546098726897777, 'EX_cpd00367_e': 0.02054609872694377}"
P. distasonis_gapfilled_59,"{'EX_cpd00635_e': 0.02054609872695996, 'EX_cpd00023_e': 0.02054609872689777, 'EX_cpd11595_e': 0.02054609872695996, 'EX_cpd00154_e': 0.020546098727135288, 'EX_cpd08306_e': 0.020546098726959984, 'EX_cpd00309_e': 0.020546098726959984, 'EX_cpd00540_e': 0.020546098726959984, 'EX_cpd11597_e': 0.020546098726959984, 'EX_cpd08305_e': 0.020546098726959984, 'EX_cpd00396_e': 0.020546098726959984, 'EX_cpd00039_e': 0.020546098726959984, 'EX_cpd00011_e': 0.02054609872712503, 'EX_cpd00322_e': 0.020546098726959987, 'EX_cpd00111_e': 0.020546098726959987, 'EX_cpd00028_e': 0.020546098726959987, 'EX_cpd01188_e': 0.020546098726959987, 'EX_cpd00357_e': 0.020546098727272522, 'EX_cpd03847_e': 0.020546098726959987, 'EX_cpd01080_e': 0.020546098726959987, 'EX_cpd00010_e': 0.020546098726959987, 'EX_cpd00264_e': 0.020546098726959987, 'EX_cpd11606_e': 0.020546098726959987, 'EX_cpd00305_e': 0.020546098726959987, 'EX_cpd00129_e': 0.020546098726959987, 'EX_cpd00367_e': 0.02054609872695996}"
P. distasonis_gapfilled_6,"{'EX_cpd00635_e': 0.04109219745379557, 'EX_cpd00023_e': 0.04109219745379557, 'EX_cpd11595_e': 0.04109219745379557, 'EX_cpd00154_e': 0.04109219745379557, 'EX_cpd08306_e': 0.041092197453795574, 'EX_cpd00309_e': 0.041092197453795574, 'EX_cpd00540_e': 0.041092197453795574, 'EX_cpd11597_e': 0.041092197453795574, 'EX_cpd08305_e': 0.041092197453795574, 'EX_cpd00396_e': 0.041092197453795574, 'EX_cpd00039_e': 0.041092197453795574, 'EX_cpd00011_e': 0.041092197453795574, 'EX_cpd00322_e': 0.04109219745379558, 'EX_cpd00111_e': 0.04109219745379558, 'EX_cpd00028_e': 0.04109219745379558, 'EX_cpd01188_e': 0.04109219745379558, 'EX_cpd00357_e': 0.04109219745379557, 'EX_cpd03847_e': 0.04109219745379558, 'EX_cpd01080_e': 0.04109219745379558, 'EX_cpd00010_e': 0.04109219745379558, 'EX_cpd00264_e': 0.04109219745379558, 'EX_cpd11606_e': 0.04109219745379558, 'EX_cpd00305_e': 0.04109219745379558, 'EX_cpd00129_e': 0.04109219745380642, 'EX_cpd00367_e': 0.04109219745379557}"
P. distasonis_gapfilled_60,"{'EX_cpd00635_e': 0.04109219745444367, 'EX_cpd00023_e': 0.04109219745458729, 'EX_cpd11595_e': 0.04109219745444367, 'EX_cpd00154_e': 0.0410921974539973, 'EX_cpd08306_e': 0.04109219745384707, 'EX_cpd00309_e': 0.04109219745384707, 'EX_cpd00540_e': 0.04109219745384707, 'EX_cpd11597_e': 0.04109219745384707, 'EX_cpd08305_e': 0.04109219745384707, 'EX_cpd00396_e': 0.04109219745384707, 'EX_cpd00039_e': 0.04109219745384707, 'EX_cpd00011_e': 0.041092197453937836, 'EX_cpd00322_e': 0.04109219745384688, 'EX_cpd00111_e': 0.04109219745384688, 'EX_cpd00028_e': 0.04109219745384688, 'EX_cpd01188_e': 0.04109219745384688, 'EX_cpd00357_e': 0.04109219745418407, 'EX_cpd03847_e': 0.04109219745384688, 'EX_cpd01080_e': 0.04109219745384688, 'EX_cpd00010_e': 0.04109219745384688, 'EX_cpd00264_e': 0.04109219745384688, 'EX_cpd11606_e': 0.04109219745384688, 'EX_cpd00305_e': 0.04109219745384688, 'EX_cpd00129_e': 0.04109219745384691, 'EX_cpd00367_e': 0.04109219745444367}"
P. distasonis_gapfilled_61,"{'EX_cpd00635_e': 0.02054609872689778, 'EX_cpd00023_e': 0.020546098727121067, 'EX_cpd11595_e': 0.02054609872689778, 'EX_cpd00154_e': 0.02054609872689778, 'EX_cpd08306_e': 0.02054609872689778, 'EX_cpd00309_e': 0.02054609872689778, 'EX_cpd00540_e': 0.02054609872689778, 'EX_cpd11597_e': 0.02054609872689778, 'EX_cpd08305_e': 0.02054609872689778, 'EX_cpd00396_e': 0.02054609872689778, 'EX_cpd00039_e': 0.02054609872689778, 'EX_cpd00011_e': 0.02054609872689778, 'EX_cpd00322_e': 0.02054609872689778, 'EX_cpd00111_e': 0.02054609872689778, 'EX_cpd00028_e': 0.02054609872689778, 'EX_cpd01188_e': 0.02054609872689778, 'EX_cpd00357_e': 0.020546098726897763, 'EX_cpd03847_e': 0.02054609872689778, 'EX_cpd01080_e': 0.02054609872689778, 'EX_cpd00010_e': 0.02054609872689778, 'EX_cpd00264_e': 0.02054609872689778, 'EX_cpd11606_e': 0.02054609872689778, 'EX_cpd00305_e': 0.02054609872689778, 'EX_cpd00129_e': 0.02054609872689778, 'EX_cpd00367_e': 0.02054609872689778}"
P. distasonis_gapfilled_62,"{'EX_cpd00635_e': 0.04109219745380686, 'EX_cpd00023_e': 0.041092197453795554, 'EX_cpd11595_e': 0.04109219745380686, 'EX_cpd00154_e': 0.041092197453782446, 'EX_cpd08306_e': 0.04109219745380686, 'EX_cpd00309_e': 0.04109219745380686, 'EX_cpd00540_e': 0.04109219745380686, 'EX_cpd11597_e': 0.04109219745380686, 'EX_cpd08305_e': 0.04109219745380686, 'EX_cpd00396_e': 0.04109219745380686, 'EX_cpd00039_e': 0.04109219745380686, 'EX_cpd00011_e': 0.04109219745378879, 'EX_cpd00322_e': 0.04109219745380382, 'EX_cpd00111_e': 0.04109219745380382, 'EX_cpd00028_e': 0.04109219745380382, 'EX_cpd01188_e': 0.04109219745380382, 'EX_cpd00357_e': 0.04109219745376772, 'EX_cpd03847_e': 0.04109219745380382, 'EX_cpd01080_e': 0.04109219745380382, 'EX_cpd00010_e': 0.04109219745380382, 'EX_cpd00264_e': 0.04109219745380382, 'EX_cpd11606_e': 0.04109219745380382, 'EX_cpd00305_e': 0.04109219745380382, 'EX_cpd00129_e': 0.04109219745380382, 'EX_cpd00367_e': 0.04109219745380686}"
P. distasonis_gapfilled_63,"{'EX_cpd00635_e': 0.020546098726615485, 'EX_cpd00023_e': 0.020546098651507024, 'EX_cpd11595_e': 0.020546098726615485, 'EX_cpd00154_e': 0.020546098726897784, 'EX_cpd08306_e': 0.020546098726615485, 'EX_cpd00309_e': 0.020546098726615485, 'EX_cpd00540_e': 0.020546098726615485, 'EX_cpd11597_e': 0.020546098726615485, 'EX_cpd08305_e': 0.020546098726615485, 'EX_cpd00396_e': 0.020546098726615485, 'EX_cpd00039_e': 0.020546098726615485, 'EX_cpd00011_e': 0.020546098726600254, 'EX_cpd00322_e': 0.020546098726615485, 'EX_cpd00111_e': 0.020546098726615485, 'EX_cpd00028_e': 0.020546098726615485, 'EX_cpd01188_e': 0.020546098726615485, 'EX_cpd00357_e': 0.02054609840449696, 'EX_cpd03847_e': 0.020546098726615485, 'EX_cpd01080_e': 0.020546098726615485, 'EX_cpd00010_e': 0.020546098726615485, 'EX_cpd00264_e': 0.020546098726615485, 'EX_cpd11606_e': 0.020546098726615485, 'EX_cpd00305_e': 0.020546098726615485, 'EX_cpd00129_e': 0.020546098726615485, 'EX_cpd00367_e': 0.020546098726615485}"
P. distasonis_gapfilled_64,"{'EX_cpd00635_e': 0.04109219745438775, 'EX_cpd00023_e': 0.04109219745379553, 'EX_cpd11595_e': 0.04109219745438775, 'EX_cpd00154_e': 0.04109219745435552, 'EX_cpd08306_e': 0.04109219745438775, 'EX_cpd00309_e': 0.04109219745438775, 'EX_cpd00540_e': 0.04109219745438775, 'EX_cpd11597_e': 0.04109219745438775, 'EX_cpd08305_e': 0.04109219745438775, 'EX_cpd00396_e': 0.04109219745438775, 'EX_cpd00039_e': 0.04109219745438775, 'EX_cpd00011_e': 0.04109219745378077, 'EX_cpd00322_e': 0.04109219745433517, 'EX_cpd00111_e': 0.04109219745433517, 'EX_cpd00028_e': 0.04109219745433517, 'EX_cpd01188_e': 0.04109219745433517, 'EX_cpd00357_e': 0.04109219745379557, 'EX_cpd03847_e': 0.04109219745433517, 'EX_cpd01080_e': 0.04109219745433517, 'EX_cpd00010_e': 0.04109219745433517, 'EX_cpd00264_e': 0.04109219745433517, 'EX_cpd11606_e': 0.04109219745433517, 'EX_cpd00305_e': 0.04109219745433517, 'EX_cpd00129_e': 0.04109219745433517, 'EX_cpd00367_e': 0.04109219745438775}"
P. distasonis_gapfilled_65,"{'EX_cpd00635_e': 0.04109219745379558, 'EX_cpd00023_e': 0.04109219745344286, 'EX_cpd11595_e': 0.04109219745379558, 'EX_cpd00154_e': 0.04109219745379558, 'EX_cpd08306_e': 0.04109219745379558, 'EX_cpd00309_e': 0.04109219745379558, 'EX_cpd00540_e': 0.04109219745379558, 'EX_cpd11597_e': 0.04109219745379558, 'EX_cpd08305_e': 0.04109219745379558, 'EX_cpd00396_e': 0.04109219745379558, 'EX_cpd00039_e': 0.04109219745379558, 'EX_cpd00011_e': 0.04109219745379558, 'EX_cpd00322_e': 0.04109219745375116, 'EX_cpd00111_e': 0.04109219745375116, 'EX_cpd00028_e': 0.04109219745375116, 'EX_cpd01188_e': 0.04109219745375116, 'EX_cpd00357_e': 0.04109219746223173, 'EX_cpd03847_e': 0.04109219745375116, 'EX_cpd01080_e': 0.04109219745375116, 'EX_cpd00010_e': 0.04109219745375116, 'EX_cpd00264_e': 0.04109219745375116, 'EX_cpd11606_e': 0.04109219745375116, 'EX_cpd00305_e': 0.04109219745375116, 'EX_cpd00129_e': 0.04109219745375116, 'EX_cpd00367_e': 0.04109219745379558}"
P. distasonis_gapfilled_66,"{'EX_cpd00635_e': 0.04109219745379446, 'EX_cpd00023_e': 0.041092197453795574, 'EX_cpd11595_e': 0.04109219745379446, 'EX_cpd00154_e': 0.04109219745379446, 'EX_cpd08306_e': 0.04109219745379446, 'EX_cpd00309_e': 0.04109219745379446, 'EX_cpd00540_e': 0.04109219745379446, 'EX_cpd11597_e': 0.04109219745379446, 'EX_cpd08305_e': 0.04109219745379446, 'EX_cpd00396_e': 0.04109219745379446, 'EX_cpd00039_e': 0.04109219745379446, 'EX_cpd00011_e': 0.04109219745379296, 'EX_cpd00322_e': 0.04109219745379631, 'EX_cpd00111_e': 0.04109219745379631, 'EX_cpd00028_e': 0.04109219745379631, 'EX_cpd01188_e': 0.04109219745379631, 'EX_cpd00357_e': 0.04109219745385019, 'EX_cpd03847_e': 0.04109219745379631, 'EX_cpd01080_e': 0.04109219745379631, 'EX_cpd00010_e': 0.04109219745379631, 'EX_cpd00264_e': 0.04109219745379631, 'EX_cpd11606_e': 0.04109219745379631, 'EX_cpd00305_e': 0.04109219745379631, 'EX_cpd00129_e': 0.04109219745377399, 'EX_cpd00367_e': 0.04109219745379446}"
P. distasonis_gapfilled_67,"{'EX_cpd00635_e': 0.02054609872689764, 'EX_cpd00023_e': 0.020546098727401575, 'EX_cpd11595_e': 0.02054609872689764, 'EX_cpd00154_e': 0.02054609872686393, 'EX_cpd08306_e': 0.02054609872689764, 'EX_cpd00309_e': 0.02054609872689764, 'EX_cpd00540_e': 0.02054609872689764, 'EX_cpd11597_e': 0.02054609872689764, 'EX_cpd08305_e': 0.02054609872689764, 'EX_cpd00396_e': 0.02054609872689764, 'EX_cpd00039_e': 0.02054609872689764, 'EX_cpd00011_e': 0.02054609872687211, 'EX_cpd00322_e': 0.02054609872689764, 'EX_cpd00111_e': 0.02054609872689764, 'EX_cpd00028_e': 0.02054609872689764, 'EX_cpd01188_e': 0.02054609872689764, 'EX_cpd00357_e': 0.020546098726893336, 'EX_cpd03847_e': 0.02054609872689764, 'EX_cpd01080_e': 0.02054609872689764, 'EX_cpd00010_e': 0.02054609872689764, 'EX_cpd00264_e': 0.02054609872689764, 'EX_cpd11606_e': 0.02054609872689764, 'EX_cpd00305_e': 0.02054609872689764, 'EX_cpd00129_e': 0.02054609872689764, 'EX_cpd00367_e': 0.02054609872689764}"
P. distasonis_gapfilled_68,"{'EX_cpd00635_e': 0.041092197453795574, 'EX_cpd00023_e': 0.04109219745370219, 'EX_cpd11595_e': 0.041092197453795574, 'EX_cpd00154_e': 0.041092197453795574, 'EX_cpd08306_e': 0.041092197453795574, 'EX_cpd00309_e': 0.041092197453795574, 'EX_cpd00540_e': 0.041092197453795574, 'EX_cpd11597_e': 0.041092197453795574, 'EX_cpd08305_e': 0.041092197453795574, 'EX_cpd00396_e': 0.041092197453795574, 'EX_cpd00039_e': 0.041092197453795574, 'EX_cpd00011_e': 0.041092197453795574, 'EX_cpd00322_e': 0.041092197453795574, 'EX_cpd00111_e': 0.041092197453795574, 'EX_cpd00028_e': 0.041092197453795574, 'EX_cpd01188_e': 0.041092197453795574, 'EX_cpd00357_e': 0.04109219745391949, 'EX_cpd03847_e': 0.041092197453795574, 'EX_cpd01080_e': 0.041092197453795574, 'EX_cpd00010_e': 0.041092197453795574, 'EX_cpd00264_e': 0.041092197453795574, 'EX_cpd11606_e': 0.041092197453795574, 'EX_cpd00305_e': 0.041092197453795574, 'EX_cpd00129_e': 0.041092197453795574, 'EX_cpd00367_e': 0.041092197453795574}"
P. distasonis_gapfilled_69,"{'EX_cpd00635_e': 0.04109219745379717, 'EX_cpd00023_e': 0.041092197453795554, 'EX_cpd11595_e': 0.04109219745379717, 'EX_cpd00154_e': 0.04109219745379717, 'EX_cpd08306_e': 0.04109219745379717, 'EX_cpd00309_e': 0.04109219745379717, 'EX_cpd00540_e': 0.04109219745379717, 'EX_cpd11597_e': 0.04109219745379717, 'EX_cpd08305_e': 0.04109219745379717, 'EX_cpd00396_e': 0.04109219745379717, 'EX_cpd00039_e': 0.04109219745379717, 'EX_cpd00011_e': 0.04109219745378938, 'EX_cpd00322_e': 0.04109219745379606, 'EX_cpd00111_e': 0.04109219745379606, 'EX_cpd00028_e': 0.04109219745379606, 'EX_cpd01188_e': 0.04109219745379606, 'EX_cpd00357_e': 0.0410921974537929, 'EX_cpd03847_e': 0.04109219745379606, 'EX_cpd01080_e': 0.04109219745379606, 'EX_cpd00010_e': 0.04109219745379606, 'EX_cpd00264_e': 0.04109219745379606, 'EX_cpd11606_e': 0.04109219745379606, 'EX_cpd00305_e': 0.04109219745379606, 'EX_cpd00129_e': 0.04109219745379606, 'EX_cpd00367_e': 0.04109219745379717}"
P. distasonis_gapfilled_7,"{'EX_cpd00635_e': 0.041092197457611015, 'EX_cpd00023_e': 0.0410921974543217, 'EX_cpd11595_e': 0.041092197457611015, 'EX_cpd00154_e': 0.04109219745434833, 'EX_cpd08306_e': 0.041092197457611015, 'EX_cpd00309_e': 0.041092197457611015, 'EX_cpd00540_e': 0.041092197457611015, 'EX_cpd11597_e': 0.041092197457611015, 'EX_cpd08305_e': 0.041092197457611015, 'EX_cpd00396_e': 0.041092197457611015, 'EX_cpd00039_e': 0.041092197457611015, 'EX_cpd00011_e': 0.041092197457611015, 'EX_cpd00322_e': 0.041092197457611015, 'EX_cpd00111_e': 0.041092197457611015, 'EX_cpd00028_e': 0.041092197457611015, 'EX_cpd01188_e': 0.041092197457611015, 'EX_cpd00357_e': 0.041092197457611015, 'EX_cpd03847_e': 0.041092197457611015, 'EX_cpd01080_e': 0.041092197457611015, 'EX_cpd00010_e': 0.041092197457611015, 'EX_cpd00264_e': 0.041092197457611015, 'EX_cpd11606_e': 0.041092197457611015, 'EX_cpd00305_e': 0.041092197457611015, 'EX_cpd00129_e': 0.041092197451841415, 'EX_cpd00367_e': 0.041092197457611015}"
P. distasonis_gapfilled_70,"{'EX_cpd00635_e': 0.04109219745223816, 'EX_cpd00023_e': 0.04109219745403596, 'EX_cpd11595_e': 0.04109219745223816, 'EX_cpd00154_e': 0.0410921974539165, 'EX_cpd08306_e': 0.04109219745364696, 'EX_cpd00309_e': 0.04109219745364696, 'EX_cpd00540_e': 0.04109219745364696, 'EX_cpd11597_e': 0.04109219745364696, 'EX_cpd08305_e': 0.04109219745364696, 'EX_cpd00396_e': 0.04109219745364696, 'EX_cpd00039_e': 0.04109219745364696, 'EX_cpd00011_e': 0.041092197453826786, 'EX_cpd00322_e': 0.04109219745382727, 'EX_cpd00111_e': 0.04109219745382727, 'EX_cpd00028_e': 0.04109219745382727, 'EX_cpd01188_e': 0.04109219745382727, 'EX_cpd00357_e': 0.04109219745436433, 'EX_cpd03847_e': 0.04109219745382727, 'EX_cpd01080_e': 0.04109219745382727, 'EX_cpd00010_e': 0.04109219745382727, 'EX_cpd00264_e': 0.04109219745382727, 'EX_cpd11606_e': 0.04109219745382727, 'EX_cpd00305_e': 0.04109219745382727, 'EX_cpd00129_e': 0.04109219745370781, 'EX_cpd00367_e': 0.04109219745223816}"
P. distasonis_gapfilled_71,"{'EX_cpd00635_e': 0.04109219745379554, 'EX_cpd00023_e': 0.041092197453795554, 'EX_cpd11595_e': 0.04109219745379554, 'EX_cpd00154_e': 0.041092197453794686, 'EX_cpd08306_e': 0.04109219745380033, 'EX_cpd00309_e': 0.04109219745380033, 'EX_cpd00540_e': 0.04109219745380033, 'EX_cpd11597_e': 0.04109219745380033, 'EX_cpd08305_e': 0.04109219745380033, 'EX_cpd00396_e': 0.04109219745380033, 'EX_cpd00039_e': 0.04109219745380033, 'EX_cpd00011_e': 0.041092197453793264, 'EX_cpd00322_e': 0.04109219745379557, 'EX_cpd00111_e': 0.04109219745379557, 'EX_cpd00028_e': 0.04109219745379557, 'EX_cpd01188_e': 0.04109219745379557, 'EX_cpd00357_e': 0.04109219745379557, 'EX_cpd03847_e': 0.04109219745379557, 'EX_cpd01080_e': 0.04109219745379557, 'EX_cpd00010_e': 0.04109219745379557, 'EX_cpd00264_e': 0.04109219745379557, 'EX_cpd11606_e': 0.04109219745379557, 'EX_cpd00305_e': 0.04109219745379557, 'EX_cpd00129_e': 0.04109219745379557, 'EX_cpd00367_e': 0.04109219745379554}"
P. distasonis_gapfilled_72,"{'EX_cpd00635_e': 0.02054609872677072, 'EX_cpd00023_e': 0.020546098726972127, 'EX_cpd11595_e': 0.02054609872677072, 'EX_cpd00154_e': 0.020546098726941218, 'EX_cpd08306_e': 0.02054609872677072, 'EX_cpd00309_e': 0.02054609872677072, 'EX_cpd00540_e': 0.02054609872677072, 'EX_cpd11597_e': 0.02054609872677072, 'EX_cpd08305_e': 0.02054609872677072, 'EX_cpd00396_e': 0.020546098727041332, 'EX_cpd00039_e': 0.02054609872677072, 'EX_cpd00011_e': 0.020546098726833394, 'EX_cpd00322_e': 0.02054609872677072, 'EX_cpd00111_e': 0.02054609872677072, 'EX_cpd00028_e': 0.02054609872677072, 'EX_cpd01188_e': 0.02054609872677072, 'EX_cpd00357_e': 0.020546098726899917, 'EX_cpd03847_e': 0.02054609872677072, 'EX_cpd01080_e': 0.02054609872677072, 'EX_cpd00010_e': 0.02054609872677072, 'EX_cpd00264_e': 0.02054609872677072, 'EX_cpd11606_e': 0.02054609872677072, 'EX_cpd00305_e': 0.02054609872677072, 'EX_cpd00129_e': 0.02054609872677072, 'EX_cpd00367_e': 0.02054609872677072}"
P. distasonis_gapfilled_73,"{'EX_cpd00635_e': 0.04109219745382301, 'EX_cpd00023_e': 0.041092197453795554, 'EX_cpd11595_e': 0.04109219745382301, 'EX_cpd00154_e': 0.04109219745379485, 'EX_cpd08306_e': 0.041092197453792195, 'EX_cpd00309_e': 0.041092197453792195, 'EX_cpd00540_e': 0.041092197453792195, 'EX_cpd11597_e': 0.041092197453792195, 'EX_cpd08305_e': 0.041092197453792195, 'EX_cpd00396_e': 0.041092197453792195, 'EX_cpd00039_e': 0.041092197453792195, 'EX_cpd00011_e': 0.04109219745382305, 'EX_cpd00322_e': 0.041092197453833496, 'EX_cpd00111_e': 0.041092197453833496, 'EX_cpd00028_e': 0.041092197453833496, 'EX_cpd01188_e': 0.041092197453833496, 'EX_cpd00357_e': 0.041092197492579544, 'EX_cpd03847_e': 0.041092197453833496, 'EX_cpd01080_e': 0.041092197453833496, 'EX_cpd00010_e': 0.041092197453833496, 'EX_cpd00264_e': 0.041092197453833496, 'EX_cpd11606_e': 0.041092197453833496, 'EX_cpd00305_e': 0.041092197453833496, 'EX_cpd00129_e': 0.04109219745383749, 'EX_cpd00367_e': 0.04109219745382301}"
P. distasonis_gapfilled_74,"{'EX_cpd00635_e': 0.04109219745379557, 'EX_cpd00023_e': 0.041092197453795574, 'EX_cpd11595_e': 0.04109219745379557, 'EX_cpd00154_e': 0.04109219745379557, 'EX_cpd08306_e': 0.04109219745374309, 'EX_cpd00309_e': 0.04109219745374309, 'EX_cpd00540_e': 0.04109219745374309, 'EX_cpd11597_e': 0.04109219745374309, 'EX_cpd08305_e': 0.04109219745374309, 'EX_cpd00396_e': 0.04109219745374309, 'EX_cpd00039_e': 0.04109219745374309, 'EX_cpd00011_e': 0.041092197453898915, 'EX_cpd00322_e': 0.041092197453516326, 'EX_cpd00111_e': 0.041092197453516326, 'EX_cpd00028_e': 0.041092197453516326, 'EX_cpd01188_e': 0.041092197453516326, 'EX_cpd00357_e': 0.04109219745434541, 'EX_cpd03847_e': 0.041092197453516326, 'EX_cpd01080_e': 0.041092197453516326, 'EX_cpd00010_e': 0.041092197453516326, 'EX_cpd00264_e': 0.041092197453516326, 'EX_cpd11606_e': 0.041092197453516326, 'EX_cpd00305_e': 0.041092197453516326, 'EX_cpd00129_e': 0.04109219745341908, 'EX_cpd00367_e': 0.04109219745379557}"
P. distasonis_gapfilled_75,"{'EX_cpd00635_e': 0.02054609872657526, 'EX_cpd00023_e': 0.02054609872690718, 'EX_cpd11595_e': 0.02054609872657526, 'EX_cpd00154_e': 0.020546098726680236, 'EX_cpd08306_e': 0.02054609872771597, 'EX_cpd00309_e': 0.02054609872771597, 'EX_cpd00540_e': 0.02054609872771597, 'EX_cpd11597_e': 0.02054609872771597, 'EX_cpd08305_e': 0.02054609872771597, 'EX_cpd00396_e': 0.02054609872771597, 'EX_cpd00039_e': 0.02054609872771597, 'EX_cpd00011_e': 0.020546098727774225, 'EX_cpd00322_e': 0.02054609872771597, 'EX_cpd00111_e': 0.02054609872771597, 'EX_cpd00028_e': 0.02054609872771597, 'EX_cpd01188_e': 0.02054609872771597, 'EX_cpd00357_e': 0.02054609872689778, 'EX_cpd03847_e': 0.02054609872771597, 'EX_cpd01080_e': 0.02054609872771597, 'EX_cpd00010_e': 0.02054609872771597, 'EX_cpd00264_e': 0.02054609872771597, 'EX_cpd11606_e': 0.02054609872771597, 'EX_cpd00305_e': 0.02054609872771597, 'EX_cpd00129_e': 0.02054609872771597, 'EX_cpd00367_e': 0.02054609872657526}"
P. distasonis_gapfilled_76,"{'EX_cpd00635_e': 0.02054609872689778, 'EX_cpd00023_e': 0.020546098726897784, 'EX_cpd11595_e': 0.02054609872689778, 'EX_cpd00154_e': 0.020546098726926445, 'EX_cpd08306_e': 0.02054609872716366, 'EX_cpd00309_e': 0.02054609872716366, 'EX_cpd00540_e': 0.02054609872716366, 'EX_cpd11597_e': 0.02054609872716366, 'EX_cpd08305_e': 0.02054609872716366, 'EX_cpd00396_e': 0.02054609872716366, 'EX_cpd00039_e': 0.02054609872716366, 'EX_cpd00011_e': 0.020546098727192517, 'EX_cpd00322_e': 0.020546098727163693, 'EX_cpd00111_e': 0.020546098727163693, 'EX_cpd00028_e': 0.020546098727163693, 'EX_cpd01188_e': 0.020546098727163693, 'EX_cpd00357_e': 0.020546098726897784, 'EX_cpd03847_e': 0.020546098727163693, 'EX_cpd01080_e': 0.020546098727163693, 'EX_cpd00010_e': 0.020546098727163693, 'EX_cpd00264_e': 0.020546098727163693, 'EX_cpd11606_e': 0.020546098727163693, 'EX_cpd00305_e': 0.020546098727163693, 'EX_cpd00129_e': 0.020546098727163686, 'EX_cpd00367_e': 0.02054609872689778}"
P. distasonis_gapfilled_77,"{'EX_cpd00635_e': 0.04109219745391759, 'EX_cpd00023_e': 0.04109219745379557, 'EX_cpd11595_e': 0.04109219745391759, 'EX_cpd00154_e': 0.04109219745391759, 'EX_cpd08306_e': 0.04109219745391759, 'EX_cpd00309_e': 0.04109219745391759, 'EX_cpd00540_e': 0.04109219745391759, 'EX_cpd11597_e': 0.04109219745391759, 'EX_cpd08305_e': 0.04109219745391759, 'EX_cpd00396_e': 0.04109219745391759, 'EX_cpd00039_e': 0.04109219745391759, 'EX_cpd00011_e': 0.04109219745365442, 'EX_cpd00322_e': 0.04109219745307389, 'EX_cpd00111_e': 0.04109219745307389, 'EX_cpd00028_e': 0.04109219745307389, 'EX_cpd01188_e': 0.04109219745307389, 'EX_cpd00357_e': 0.04109219745379557, 'EX_cpd03847_e': 0.04109219745307389, 'EX_cpd01080_e': 0.04109219745307389, 'EX_cpd00010_e': 0.04109219745307389, 'EX_cpd00264_e': 0.04109219745307389, 'EX_cpd11606_e': 0.04109219745307389, 'EX_cpd00305_e': 0.04109219745307389, 'EX_cpd00129_e': 0.04109219745305682, 'EX_cpd00367_e': 0.04109219745391759}"
P. distasonis_gapfilled_78,"{'EX_cpd00635_e': 0.04109219745406457, 'EX_cpd00023_e': 0.04109219745585074, 'EX_cpd11595_e': 0.04109219745406457, 'EX_cpd00154_e': 0.04109219745406457, 'EX_cpd08306_e': 0.04109219745406457, 'EX_cpd00309_e': 0.04109219745406457, 'EX_cpd00540_e': 0.04109219745406457, 'EX_cpd11597_e': 0.04109219745406457, 'EX_cpd08305_e': 0.04109219745406457, 'EX_cpd00396_e': 0.04109219745406457, 'EX_cpd00039_e': 0.04109219745406457, 'EX_cpd00011_e': 0.04109219745406457, 'EX_cpd00322_e': 0.04109219745406457, 'EX_cpd00111_e': 0.04109219745406457, 'EX_cpd00028_e': 0.04109219745406457, 'EX_cpd01188_e': 0.04109219745406457, 'EX_cpd00357_e': 0.0410921974570225, 'EX_cpd03847_e': 0.04109219745406457, 'EX_cpd01080_e': 0.04109219745406457, 'EX_cpd00010_e': 0.04109219745406457, 'EX_cpd00264_e': 0.04109219745406457, 'EX_cpd11606_e': 0.04109219745406457, 'EX_cpd00305_e': 0.04109219745406457, 'EX_cpd00129_e': 0.04109219745379557, 'EX_cpd00367_e': 0.04109219745406457}"
P. distasonis_gapfilled_79,"{'EX_cpd00635_e': 0.041092197453795574, 'EX_cpd00023_e': 0.041092197442402625, 'EX_cpd11595_e': 0.041092197453795574, 'EX_cpd00154_e': 0.041092197453795574, 'EX_cpd08306_e': 0.041092197453795574, 'EX_cpd00309_e': 0.041092197453795574, 'EX_cpd00540_e': 0.041092197453795574, 'EX_cpd11597_e': 0.041092197453795574, 'EX_cpd08305_e': 0.041092197453795574, 'EX_cpd00396_e': 0.041092197453795574, 'EX_cpd00039_e': 0.041092197453795574, 'EX_cpd00011_e': 0.041092197453795574, 'EX_cpd00322_e': 0.041092197453795526, 'EX_cpd00111_e': 0.041092197453795526, 'EX_cpd00028_e': 0.041092197453795526, 'EX_cpd01188_e': 0.041092197453795526, 'EX_cpd00357_e': 0.04109219745325009, 'EX_cpd03847_e': 0.041092197453795526, 'EX_cpd01080_e': 0.041092197453795526, 'EX_cpd00010_e': 0.041092197453795526, 'EX_cpd00264_e': 0.041092197453795526, 'EX_cpd11606_e': 0.041092197453795526, 'EX_cpd00305_e': 0.041092197453795526, 'EX_cpd00129_e': 0.041092197453795526, 'EX_cpd00367_e': 0.041092197453795574}"
P. distasonis_gapfilled_8,"{'EX_cpd00635_e': 0.041092197453794554, 'EX_cpd00023_e': 0.04109219745374929, 'EX_cpd11595_e': 0.041092197453794554, 'EX_cpd00154_e': 0.04109219745353243, 'EX_cpd08306_e': 0.04109219745408734, 'EX_cpd00309_e': 0.04109219745408734, 'EX_cpd00540_e': 0.04109219745408734, 'EX_cpd11597_e': 0.04109219745408734, 'EX_cpd08305_e': 0.04109219745408734, 'EX_cpd00396_e': 0.04109219745408734, 'EX_cpd00039_e': 0.04109219745408734, 'EX_cpd00011_e': 0.04109219745326821, 'EX_cpd00322_e': 0.04109219745325808, 'EX_cpd00111_e': 0.04109219745325808, 'EX_cpd00028_e': 0.04109219745325808, 'EX_cpd01188_e': 0.04109219745325808, 'EX_cpd00357_e': 0.04109219745377395, 'EX_cpd03847_e': 0.04109219745325808, 'EX_cpd01080_e': 0.04109219745325808, 'EX_cpd00010_e': 0.04109219745325808, 'EX_cpd00264_e': 0.04109219745325808, 'EX_cpd11606_e': 0.04109219745325808, 'EX_cpd00305_e': 0.04109219745325808, 'EX_cpd00129_e': 0.04109219745332751, 'EX_cpd00367_e': 0.041092197453794554}"
P. distasonis_gapfilled_80,"{'EX_cpd00635_e': 0.02054609872689778, 'EX_cpd00023_e': 0.020546098727511335, 'EX_cpd11595_e': 0.02054609872689778, 'EX_cpd00154_e': 0.02054609872689778, 'EX_cpd08306_e': 0.02054609872689778, 'EX_cpd00309_e': 0.02054609872689778, 'EX_cpd00540_e': 0.02054609872689778, 'EX_cpd11597_e': 0.02054609872689778, 'EX_cpd08305_e': 0.02054609872689778, 'EX_cpd00396_e': 0.02054609872689778, 'EX_cpd00039_e': 0.02054609872689778, 'EX_cpd00011_e': 0.02054609872689778, 'EX_cpd00322_e': 0.02054609872689778, 'EX_cpd00111_e': 0.02054609872689778, 'EX_cpd00028_e': 0.02054609872689778, 'EX_cpd01188_e': 0.02054609872689778, 'EX_cpd00357_e': 0.02054609872755215, 'EX_cpd03847_e': 0.02054609872689778, 'EX_cpd01080_e': 0.02054609872689778, 'EX_cpd00010_e': 0.02054609872689778, 'EX_cpd00264_e': 0.02054609872689778, 'EX_cpd11606_e': 0.02054609872689778, 'EX_cpd00305_e': 0.02054609872689778, 'EX_cpd00129_e': 0.02054609872689778, 'EX_cpd00367_e': 0.02054609872689778}"
P. distasonis_gapfilled_81,"{'EX_cpd00635_e': 0.041092197453795574, 'EX_cpd00023_e': 0.04109219745347173, 'EX_cpd11595_e': 0.041092197453795574, 'EX_cpd00154_e': 0.04109219745367658, 'EX_cpd08306_e': 0.04109219745349415, 'EX_cpd00309_e': 0.04109219745349415, 'EX_cpd00540_e': 0.04109219745349415, 'EX_cpd11597_e': 0.04109219745349415, 'EX_cpd08305_e': 0.04109219745349415, 'EX_cpd00396_e': 0.04109219745349415, 'EX_cpd00039_e': 0.04109219745349415, 'EX_cpd00011_e': 0.04109219745344843, 'EX_cpd00322_e': 0.04109219745349415, 'EX_cpd00111_e': 0.04109219745349415, 'EX_cpd00028_e': 0.04109219745349415, 'EX_cpd01188_e': 0.04109219745349415, 'EX_cpd00357_e': 0.04109219745379557, 'EX_cpd03847_e': 0.04109219745349415, 'EX_cpd01080_e': 0.04109219745349415, 'EX_cpd00010_e': 0.04109219745349415, 'EX_cpd00264_e': 0.04109219745349415, 'EX_cpd11606_e': 0.04109219745349415, 'EX_cpd00305_e': 0.04109219745349415, 'EX_cpd00129_e': 0.04109219745349415, 'EX_cpd00367_e': 0.041092197453795574}"
P. distasonis_gapfilled_82,"{'EX_cpd00635_e': 0.04109219745382145, 'EX_cpd00023_e': 0.041092197453805136, 'EX_cpd11595_e': 0.04109219745382145, 'EX_cpd00154_e': 0.04109219745382145, 'EX_cpd08306_e': 0.04109219745382145, 'EX_cpd00309_e': 0.04109219745382145, 'EX_cpd00540_e': 0.04109219745382145, 'EX_cpd11597_e': 0.04109219745382145, 'EX_cpd08305_e': 0.04109219745382145, 'EX_cpd00396_e': 0.04109219745382145, 'EX_cpd00039_e': 0.04109219745382145, 'EX_cpd00011_e': 0.041092197453649386, 'EX_cpd00322_e': 0.0410921974538001, 'EX_cpd00111_e': 0.0410921974538001, 'EX_cpd00028_e': 0.0410921974538001, 'EX_cpd01188_e': 0.0410921974538001, 'EX_cpd00357_e': 0.04109219745379561, 'EX_cpd03847_e': 0.0410921974538001, 'EX_cpd01080_e': 0.0410921974538001, 'EX_cpd00010_e': 0.0410921974538001, 'EX_cpd00264_e': 0.0410921974538001, 'EX_cpd11606_e': 0.0410921974538001, 'EX_cpd00305_e': 0.0410921974538001, 'EX_cpd00129_e': 0.0410921974538001, 'EX_cpd00367_e': 0.04109219745382145}"
P. distasonis_gapfilled_83,"{'EX_cpd00635_e': 0.041092197453795574, 'EX_cpd00023_e': 0.04109219745017765, 'EX_cpd11595_e': 0.041092197453795574, 'EX_cpd00154_e': 0.041092197453795574, 'EX_cpd08306_e': 0.041092197453795574, 'EX_cpd00309_e': 0.041092197453795574, 'EX_cpd00540_e': 0.041092197453795574, 'EX_cpd11597_e': 0.041092197453795574, 'EX_cpd08305_e': 0.041092197453795574, 'EX_cpd00396_e': 0.041092197453795574, 'EX_cpd00039_e': 0.041092197453795574, 'EX_cpd00011_e': 0.041092197453795574, 'EX_cpd00322_e': 0.041092197453795574, 'EX_cpd00111_e': 0.041092197453795574, 'EX_cpd00028_e': 0.041092197453795574, 'EX_cpd01188_e': 0.041092197453795574, 'EX_cpd00357_e': 0.04109219745379558, 'EX_cpd03847_e': 0.041092197453795574, 'EX_cpd01080_e': 0.041092197453795574, 'EX_cpd00010_e': 0.041092197453795574, 'EX_cpd00264_e': 0.041092197453795574, 'EX_cpd11606_e': 0.041092197453795574, 'EX_cpd00305_e': 0.041092197453795574, 'EX_cpd00129_e': 0.041092197453795574, 'EX_cpd00367_e': 0.041092197453795574}"
P. distasonis_gapfilled_84,"{'EX_cpd00635_e': 0.04109219745379129, 'EX_cpd00023_e': 0.04109219745489026, 'EX_cpd11595_e': 0.04109219745379129, 'EX_cpd00154_e': 0.04109219745521972, 'EX_cpd08306_e': 0.04109219745542386, 'EX_cpd00309_e': 0.04109219745542386, 'EX_cpd00540_e': 0.04109219745542386, 'EX_cpd11597_e': 0.04109219745542386, 'EX_cpd08305_e': 0.04109219745542386, 'EX_cpd00396_e': 0.04109219745542386, 'EX_cpd00039_e': 0.04109219745542386, 'EX_cpd00011_e': 0.04109219745379557, 'EX_cpd00322_e': 0.04109219745379557, 'EX_cpd00111_e': 0.04109219745379557, 'EX_cpd00028_e': 0.04109219745379557, 'EX_cpd01188_e': 0.04109219745379557, 'EX_cpd00357_e': 0.041092197454914436, 'EX_cpd03847_e': 0.04109219745379557, 'EX_cpd01080_e': 0.04109219745379557, 'EX_cpd00010_e': 0.04109219745379557, 'EX_cpd00264_e': 0.04109219745379557, 'EX_cpd11606_e': 0.04109219745379557, 'EX_cpd00305_e': 0.04109219745379557, 'EX_cpd00129_e': 0.04109219745379557, 'EX_cpd00367_e': 0.04109219745379129}"
P. distasonis_gapfilled_85,"{'EX_cpd00635_e': 0.020546098726897787, 'EX_cpd00023_e': 0.02054609872708706, 'EX_cpd11595_e': 0.020546098726897787, 'EX_cpd00154_e': 0.020546098726897787, 'EX_cpd08306_e': 0.020546098726897787, 'EX_cpd00309_e': 0.020546098726897787, 'EX_cpd00540_e': 0.020546098726897787, 'EX_cpd11597_e': 0.020546098726897787, 'EX_cpd08305_e': 0.020546098726897787, 'EX_cpd00396_e': 0.020546098726897787, 'EX_cpd00039_e': 0.020546098726897787, 'EX_cpd00011_e': 0.020546098726897787, 'EX_cpd00322_e': 0.020546098726897787, 'EX_cpd00111_e': 0.020546098726897787, 'EX_cpd00028_e': 0.020546098726897787, 'EX_cpd01188_e': 0.020546098726897787, 'EX_cpd00357_e': 0.02054609872689779, 'EX_cpd03847_e': 0.020546098726897787, 'EX_cpd01080_e': 0.020546098726897787, 'EX_cpd00010_e': 0.020546098726897787, 'EX_cpd00264_e': 0.020546098726897787, 'EX_cpd11606_e': 0.020546098726897787, 'EX_cpd00305_e': 0.020546098726897787, 'EX_cpd00129_e': 0.020546098726897787, 'EX_cpd00367_e': 0.020546098726897787}"
P. distasonis_gapfilled_86,"{'EX_cpd00635_e': 0.04109219745379549, 'EX_cpd00023_e': 0.041092197453795574, 'EX_cpd11595_e': 0.04109219745379549, 'EX_cpd00154_e': 0.04109219745379549, 'EX_cpd08306_e': 0.04109219745379549, 'EX_cpd00309_e': 0.04109219745379549, 'EX_cpd00540_e': 0.04109219745379549, 'EX_cpd11597_e': 0.04109219745379549, 'EX_cpd08305_e': 0.04109219745379549, 'EX_cpd00396_e': 0.04109219745379549, 'EX_cpd00039_e': 0.04109219745379549, 'EX_cpd00011_e': 0.04109219745321196, 'EX_cpd00322_e': 0.04109219745384468, 'EX_cpd00111_e': 0.04109219745384468, 'EX_cpd00028_e': 0.04109219745384468, 'EX_cpd01188_e': 0.041092197454082914, 'EX_cpd00357_e': 0.041092197453795574, 'EX_cpd03847_e': 0.04109219745384468, 'EX_cpd01080_e': 0.04109219745384468, 'EX_cpd00010_e': 0.04109219745384468, 'EX_cpd00264_e': 0.04109219745384468, 'EX_cpd11606_e': 0.04109219745384468, 'EX_cpd00305_e': 0.04109219745384468, 'EX_cpd00129_e': 0.04109219745384468, 'EX_cpd00367_e': 0.04109219745379549}"
P. distasonis_gapfilled_87,"{'EX_cpd00635_e': 0.041092197453578706, 'EX_cpd00023_e': 0.041092197452176626, 'EX_cpd11595_e': 0.041092197453578706, 'EX_cpd00154_e': 0.041092197453269565, 'EX_cpd08306_e': 0.04109219745291844, 'EX_cpd00309_e': 0.04109219745291844, 'EX_cpd00540_e': 0.04109219745291844, 'EX_cpd11597_e': 0.04109219745291844, 'EX_cpd08305_e': 0.04109219745291844, 'EX_cpd00396_e': 0.04109219745291844, 'EX_cpd00039_e': 0.04109219745291844, 'EX_cpd00011_e': 0.04109219745359353, 'EX_cpd00322_e': 0.04109219745291844, 'EX_cpd00111_e': 0.04109219745291844, 'EX_cpd00028_e': 0.04109219745291844, 'EX_cpd01188_e': 0.04109219745291844, 'EX_cpd00357_e': 0.04109219745269631, 'EX_cpd03847_e': 0.04109219745291844, 'EX_cpd01080_e': 0.04109219745291844, 'EX_cpd00010_e': 0.04109219745291844, 'EX_cpd00264_e': 0.04109219745291844, 'EX_cpd11606_e': 0.04109219745291844, 'EX_cpd00305_e': 0.04109219745291844, 'EX_cpd00129_e': 0.04109219745060751, 'EX_cpd00367_e': 0.041092197453578706}"
P. distasonis_gapfilled_88,"{'EX_cpd00635_e': 0.041092197453893434, 'EX_cpd00023_e': 0.04109219745421338, 'EX_cpd11595_e': 0.041092197453893434, 'EX_cpd00154_e': 0.041092197453893434, 'EX_cpd08306_e': 0.041092197453893434, 'EX_cpd00309_e': 0.041092197453893434, 'EX_cpd00540_e': 0.041092197453893434, 'EX_cpd11597_e': 0.041092197453893434, 'EX_cpd08305_e': 0.041092197453893434, 'EX_cpd00396_e': 0.041092197453893434, 'EX_cpd00039_e': 0.041092197453893434, 'EX_cpd00011_e': 0.04109219745251368, 'EX_cpd00322_e': 0.041092197453863014, 'EX_cpd00111_e': 0.041092197453863014, 'EX_cpd00028_e': 0.041092197453863014, 'EX_cpd01188_e': 0.041092197453863014, 'EX_cpd00357_e': 0.04109219745480088, 'EX_cpd03847_e': 0.041092197453863014, 'EX_cpd01080_e': 0.041092197453863014, 'EX_cpd00010_e': 0.041092197453863014, 'EX_cpd00264_e': 0.041092197453863014, 'EX_cpd11606_e': 0.041092197453863014, 'EX_cpd00305_e': 0.041092197453863014, 'EX_cpd00129_e': 0.041092197453863014, 'EX_cpd00367_e': 0.041092197453893434}"
P. distasonis_gapfilled_89,"{'EX_cpd00635_e': 0.04109219745462691, 'EX_cpd00023_e': 0.04109219745378279, 'EX_cpd11595_e': 0.04109219745462691, 'EX_cpd00154_e': 0.041092197454727315, 'EX_cpd08306_e': 0.04109219745462691, 'EX_cpd00309_e': 0.04109219745462691, 'EX_cpd00540_e': 0.04109219745462691, 'EX_cpd11597_e': 0.04109219745462691, 'EX_cpd08305_e': 0.04109219745462691, 'EX_cpd00396_e': 0.04109219745462691, 'EX_cpd00039_e': 0.04109219745462691, 'EX_cpd00011_e': 0.04109219745374734, 'EX_cpd00322_e': 0.041092197453804234, 'EX_cpd00111_e': 0.041092197453804234, 'EX_cpd00028_e': 0.041092197453804234, 'EX_cpd01188_e': 0.041092197453804234, 'EX_cpd00357_e': 0.041092197453899394, 'EX_cpd03847_e': 0.041092197453804234, 'EX_cpd01080_e': 0.041092197453804234, 'EX_cpd00010_e': 0.041092197453804234, 'EX_cpd00264_e': 0.041092197453804234, 'EX_cpd11606_e': 0.041092197453804234, 'EX_cpd00305_e': 0.041092197453804234, 'EX_cpd00129_e': 0.041092197453804234, 'EX_cpd00367_e': 0.04109219745462691}"
P. distasonis_gapfilled_9,"{'EX_cpd00635_e': 0.04109219745379557, 'EX_cpd00023_e': 0.04109219745381, 'EX_cpd11595_e': 0.04109219745379557, 'EX_cpd00154_e': 0.04109219745379557, 'EX_cpd08306_e': 0.041092197453795574, 'EX_cpd00309_e': 0.041092197453795574, 'EX_cpd00540_e': 0.041092197453795574, 'EX_cpd11597_e': 0.041092197453795574, 'EX_cpd08305_e': 0.041092197453795574, 'EX_cpd00396_e': 0.041092197453795574, 'EX_cpd00039_e': 0.041092197453795574, 'EX_cpd00011_e': 0.041092197453795574, 'EX_cpd00322_e': 0.04109219745379557, 'EX_cpd00111_e': 0.04109219745379557, 'EX_cpd00028_e': 0.04109219745379557, 'EX_cpd01188_e': 0.04109219745379557, 'EX_cpd00357_e': 0.04109219745491301, 'EX_cpd03847_e': 0.04109219745379557, 'EX_cpd01080_e': 0.04109219745379557, 'EX_cpd00010_e': 0.04109219745379557, 'EX_cpd00264_e': 0.04109219745379557, 'EX_cpd11606_e': 0.04109219745379557, 'EX_cpd00305_e': 0.04109219745379557, 'EX_cpd00129_e': 0.0410921974538026, 'EX_cpd00367_e': 0.04109219745379557}"
P. distasonis_gapfilled_90,"{'EX_cpd00635_e': 0.04109219745379566, 'EX_cpd00023_e': 0.041092197453905875, 'EX_cpd11595_e': 0.04109219745379566, 'EX_cpd00154_e': 0.04109219745380466, 'EX_cpd08306_e': 0.04109219745379564, 'EX_cpd00309_e': 0.04109219745379564, 'EX_cpd00540_e': 0.04109219745379564, 'EX_cpd11597_e': 0.04109219745379564, 'EX_cpd08305_e': 0.04109219745379564, 'EX_cpd00396_e': 0.04109219745379564, 'EX_cpd00039_e': 0.04109219745379564, 'EX_cpd00011_e': 0.0410921974538102, 'EX_cpd00322_e': 0.04109219745379561, 'EX_cpd00111_e': 0.04109219745379561, 'EX_cpd00028_e': 0.04109219745379561, 'EX_cpd01188_e': 0.04109219745379561, 'EX_cpd00357_e': 0.041092197453970365, 'EX_cpd03847_e': 0.04109219745379561, 'EX_cpd01080_e': 0.04109219745379561, 'EX_cpd00010_e': 0.04109219745379561, 'EX_cpd00264_e': 0.04109219745379561, 'EX_cpd11606_e': 0.04109219745379561, 'EX_cpd00305_e': 0.04109219745379561, 'EX_cpd00129_e': 0.04109219745383478, 'EX_cpd00367_e': 0.04109219745379566}"
P. distasonis_gapfilled_91,"{'EX_cpd00635_e': 0.02054609872684129, 'EX_cpd00023_e': 0.020546098724997602, 'EX_cpd11595_e': 0.02054609872684129, 'EX_cpd00154_e': 0.02054609872684129, 'EX_cpd08306_e': 0.02054609872684129, 'EX_cpd00309_e': 0.02054609872684129, 'EX_cpd00540_e': 0.02054609872684129, 'EX_cpd11597_e': 0.02054609872684129, 'EX_cpd08305_e': 0.02054609872684129, 'EX_cpd00396_e': 0.02054609872684129, 'EX_cpd00039_e': 0.02054609872684129, 'EX_cpd00011_e': 0.02054609872692312, 'EX_cpd00322_e': 0.020546098726979517, 'EX_cpd00111_e': 0.020546098726979517, 'EX_cpd00028_e': 0.020546098726979517, 'EX_cpd01188_e': 0.020546098727036097, 'EX_cpd00357_e': 0.020546098726698922, 'EX_cpd03847_e': 0.020546098726979517, 'EX_cpd01080_e': 0.020546098726979517, 'EX_cpd00010_e': 0.020546098726979517, 'EX_cpd00264_e': 0.020546098726979517, 'EX_cpd11606_e': 0.020546098726979517, 'EX_cpd00305_e': 0.020546098726979517, 'EX_cpd00129_e': 0.020546098726979517, 'EX_cpd00367_e': 0.02054609872684129}"
P. distasonis_gapfilled_92,"{'EX_cpd00635_e': 0.04109219745379557, 'EX_cpd00023_e': 0.041092197459405795, 'EX_cpd11595_e': 0.04109219745379557, 'EX_cpd00154_e': 0.04109219745379557, 'EX_cpd08306_e': 0.04109219745379557, 'EX_cpd00309_e': 0.04109219745379557, 'EX_cpd00540_e': 0.04109219745379557, 'EX_cpd11597_e': 0.04109219745379557, 'EX_cpd08305_e': 0.04109219745379557, 'EX_cpd00396_e': 0.04109219745379557, 'EX_cpd00039_e': 0.04109219745379557, 'EX_cpd00011_e': 0.04109219745379557, 'EX_cpd00322_e': 0.04109219745420023, 'EX_cpd00111_e': 0.04109219745420023, 'EX_cpd00028_e': 0.04109219745420023, 'EX_cpd01188_e': 0.04109219745420023, 'EX_cpd00357_e': 0.04109219746168688, 'EX_cpd03847_e': 0.04109219745420023, 'EX_cpd01080_e': 0.04109219745420023, 'EX_cpd00010_e': 0.04109219745420023, 'EX_cpd00264_e': 0.04109219745420023, 'EX_cpd11606_e': 0.04109219745420023, 'EX_cpd00305_e': 0.04109219745420023, 'EX_cpd00129_e': 0.04109219745420023, 'EX_cpd00367_e': 0.04109219745379557}"
P. distasonis_gapfilled_93,"{'EX_cpd00635_e': 0.04109219745390019, 'EX_cpd00023_e': 0.04109219745426657, 'EX_cpd11595_e': 0.04109219745390019, 'EX_cpd00154_e': 0.041092197453795574, 'EX_cpd08306_e': 0.041092197453795574, 'EX_cpd00309_e': 0.041092197453795574, 'EX_cpd00540_e': 0.041092197453795574, 'EX_cpd11597_e': 0.041092197453795574, 'EX_cpd08305_e': 0.041092197453795574, 'EX_cpd00396_e': 0.041092197453795574, 'EX_cpd00039_e': 0.041092197453795574, 'EX_cpd00011_e': 0.041092197453795574, 'EX_cpd00322_e': 0.041092197453795574, 'EX_cpd00111_e': 0.041092197453795574, 'EX_cpd00028_e': 0.041092197453795574, 'EX_cpd01188_e': 0.041092197453795574, 'EX_cpd00357_e': 0.0410921974536577, 'EX_cpd03847_e': 0.041092197453795574, 'EX_cpd01080_e': 0.041092197453795574, 'EX_cpd00010_e': 0.041092197453795574, 'EX_cpd00264_e': 0.041092197453795574, 'EX_cpd11606_e': 0.041092197453795574, 'EX_cpd00305_e': 0.041092197453795574, 'EX_cpd00129_e': 0.041092197453795574, 'EX_cpd00367_e': 0.04109219745390019}"
P. distasonis_gapfilled_94,"{'EX_cpd00635_e': 0.020546098726909916, 'EX_cpd00023_e': 0.020546098726897784, 'EX_cpd11595_e': 0.020546098726909916, 'EX_cpd00154_e': 0.020546098726926632, 'EX_cpd08306_e': 0.020546098726896313, 'EX_cpd00309_e': 0.020546098726896313, 'EX_cpd00540_e': 0.020546098726896313, 'EX_cpd11597_e': 0.020546098726896313, 'EX_cpd08305_e': 0.020546098726896313, 'EX_cpd00396_e': 0.020546098726896313, 'EX_cpd00039_e': 0.020546098726896313, 'EX_cpd00011_e': 0.020546098726896313, 'EX_cpd00322_e': 0.020546098726896313, 'EX_cpd00111_e': 0.020546098726896313, 'EX_cpd00028_e': 0.020546098726896313, 'EX_cpd01188_e': 0.020546098726896313, 'EX_cpd00357_e': 0.020546098726851224, 'EX_cpd03847_e': 0.020546098726896313, 'EX_cpd01080_e': 0.020546098726896313, 'EX_cpd00010_e': 0.020546098726896313, 'EX_cpd00264_e': 0.020546098726896313, 'EX_cpd11606_e': 0.020546098726896313, 'EX_cpd00305_e': 0.020546098726896313, 'EX_cpd00129_e': 0.020546098726896313, 'EX_cpd00367_e': 0.020546098726909916}"
P. distasonis_gapfilled_95,"{'EX_cpd00635_e': 0.04109219745379557, 'EX_cpd00023_e': 0.04109219745382162, 'EX_cpd11595_e': 0.04109219745379557, 'EX_cpd00154_e': 0.04109219745379559, 'EX_cpd08306_e': 0.04109219745379557, 'EX_cpd00309_e': 0.04109219745379557, 'EX_cpd00540_e': 0.04109219745379557, 'EX_cpd11597_e': 0.04109219745379557, 'EX_cpd08305_e': 0.04109219745379557, 'EX_cpd00396_e': 0.04109219745379557, 'EX_cpd00039_e': 0.04109219745379557, 'EX_cpd00011_e': 0.04109219745379562, 'EX_cpd00322_e': 0.041092197453795574, 'EX_cpd00111_e': 0.041092197453795574, 'EX_cpd00028_e': 0.041092197453795574, 'EX_cpd01188_e': 0.041092197453795574, 'EX_cpd00357_e': 0.041092197453795574, 'EX_cpd03847_e': 0.041092197453795574, 'EX_cpd01080_e': 0.041092197453795574, 'EX_cpd00010_e': 0.041092197453795574, 'EX_cpd00264_e': 0.041092197453795574, 'EX_cpd11606_e': 0.041092197453795574, 'EX_cpd00305_e': 0.041092197453795574, 'EX_cpd00129_e': 0.041092197453789205, 'EX_cpd00367_e': 0.04109219745379557}"
P. distasonis_gapfilled_96,"{'EX_cpd00635_e': 0.041092197453795574, 'EX_cpd00023_e': 0.04109219745583642, 'EX_cpd11595_e': 0.041092197453795574, 'EX_cpd00154_e': 0.041092197453795574, 'EX_cpd08306_e': 0.041092197453795574, 'EX_cpd00309_e': 0.041092197453795574, 'EX_cpd00540_e': 0.041092197453795574, 'EX_cpd11597_e': 0.041092197453795574, 'EX_cpd08305_e': 0.041092197453795574, 'EX_cpd00396_e': 0.041092197453795574, 'EX_cpd00039_e': 0.041092197453795574, 'EX_cpd00011_e': 0.041092197453795574, 'EX_cpd00322_e': 0.041092197453795574, 'EX_cpd00111_e': 0.041092197453795574, 'EX_cpd00028_e': 0.041092197453795574, 'EX_cpd01188_e': 0.041092197453795574, 'EX_cpd00357_e': 0.04109219746216327, 'EX_cpd03847_e': 0.041092197453795574, 'EX_cpd01080_e': 0.041092197453795574, 'EX_cpd00010_e': 0.041092197453795574, 'EX_cpd00264_e': 0.041092197453795574, 'EX_cpd11606_e': 0.041092197453795574, 'EX_cpd00305_e': 0.041092197453795574, 'EX_cpd00129_e': 0.041092197453795574, 'EX_cpd00367_e': 0.041092197453795574}"
P. distasonis_gapfilled_97,"{'EX_cpd00635_e': 0.02054609872657992, 'EX_cpd00023_e': 0.02054609872689778, 'EX_cpd11595_e': 0.02054609872657992, 'EX_cpd00154_e': 0.020546098726472267, 'EX_cpd08306_e': 0.02054609872657992, 'EX_cpd00309_e': 0.02054609872657992, 'EX_cpd00540_e': 0.02054609872657992, 'EX_cpd11597_e': 0.02054609872657992, 'EX_cpd08305_e': 0.02054609872657992, 'EX_cpd00396_e': 0.02054609872657992, 'EX_cpd00039_e': 0.02054609872657992, 'EX_cpd00011_e': 0.02054609872657992, 'EX_cpd00322_e': 0.02054609872657992, 'EX_cpd00111_e': 0.02054609872657992, 'EX_cpd00028_e': 0.02054609872657992, 'EX_cpd01188_e': 0.02054609872657992, 'EX_cpd00357_e': 0.02054609873594874, 'EX_cpd03847_e': 0.02054609872657992, 'EX_cpd01080_e': 0.02054609872657992, 'EX_cpd00010_e': 0.02054609872657992, 'EX_cpd00264_e': 0.02054609872657992, 'EX_cpd11606_e': 0.02054609872657992, 'EX_cpd00305_e': 0.02054609872657992, 'EX_cpd00129_e': 0.02054609872657992, 'EX_cpd00367_e': 0.02054609872657992}"
P. distasonis_gapfilled_98,"{'EX_cpd00635_e': 0.04109219745379558, 'EX_cpd00023_e': 0.04109219738972461, 'EX_cpd11595_e': 0.04109219745379558, 'EX_cpd00154_e': 0.04109219745379558, 'EX_cpd08306_e': 0.04109219745379558, 'EX_cpd00309_e': 0.04109219745379558, 'EX_cpd00540_e': 0.04109219745379558, 'EX_cpd11597_e': 0.04109219745379558, 'EX_cpd08305_e': 0.04109219745379558, 'EX_cpd00396_e': 0.04109219745379558, 'EX_cpd00039_e': 0.04109219745379558, 'EX_cpd00011_e': 0.04109219745379558, 'EX_cpd00322_e': 0.041092197453830026, 'EX_cpd00111_e': 0.041092197453830026, 'EX_cpd00028_e': 0.041092197453830026, 'EX_cpd01188_e': 0.041092197453830026, 'EX_cpd00357_e': 0.04109219745380462, 'EX_cpd03847_e': 0.041092197453830026, 'EX_cpd01080_e': 0.041092197453830026, 'EX_cpd00010_e': 0.041092197453830026, 'EX_cpd00264_e': 0.041092197453830026, 'EX_cpd11606_e': 0.041092197453830026, 'EX_cpd00305_e': 0.041092197453830026, 'EX_cpd00129_e': 0.041092197453830026, 'EX_cpd00367_e': 0.04109219745379558}"
P. distasonis_gapfilled_99,"{'EX_cpd00635_e': 0.020546098726803835, 'EX_cpd00023_e': 0.02054609867693234, 'EX_cpd11595_e': 0.020546098726803835, 'EX_cpd00154_e': 0.020546098726877432, 'EX_cpd08306_e': 0.020546098726897107, 'EX_cpd00309_e': 0.020546098726897107, 'EX_cpd00540_e': 0.020546098726897107, 'EX_cpd11597_e': 0.020546098726897107, 'EX_cpd08305_e': 0.020546098726897107, 'EX_cpd00396_e': 0.020546098726897107, 'EX_cpd00039_e': 0.020546098726897107, 'EX_cpd00011_e': 0.020546098726883816, 'EX_cpd00322_e': 0.020546098726898266, 'EX_cpd00111_e': 0.020546098726898266, 'EX_cpd00028_e': 0.020546098726898266, 'EX_cpd01188_e': 0.020546098726898266, 'EX_cpd00357_e': 0.020546098726897787, 'EX_cpd03847_e': 0.020546098726898266, 'EX_cpd01080_e': 0.020546098726898266, 'EX_cpd00010_e': 0.020546098726898266, 'EX_cpd00264_e': 0.020546098726898266, 'EX_cpd11606_e': 0.020546098726898266, 'EX_cpd00305_e': 0.020546098726898266, 'EX_cpd00129_e': 0.020546098726898266, 'EX_cpd00367_e': 0.020546098726803835}"
